trade_id,signal_id,symbol,strategy_id,regime,side,entry_time,exit_time,entry_price,exit_price,stop_loss,take_profit,qty,gross_pnl,fee,slippage,net_pnl,reward_risk,bars_held,exit_reason,entry_reason,filters_passed,filters_failed,expected_edge_bps,actual_edge_bps
TRD-SIG-BT-00000001,SIG-BT-00000001,BTCUSDT,mean_revert_v1,neutral,short,1578029040000,1578029100000,7163.926928,7179.345455,7177.909873,7140.466508,0.53636771,-8.270000,3.077307,4.228403,-15.575710,1.677788,2,stop_loss,"mean_revert_v1 ext_atr=1.68, wick=0.65, close_location=0.95, vol=1.14, atr_bps=19.5",extension_ok|rejection_ok|trend_block_ok|expected_edge_ok,,19.747989,-40.535364
TRD-SIG-BT-00000002,SIG-BT-00000002,BTCUSDT,mean_revert_v1,bullish,short,1578060480000,1578060540000,7258.158078,7275.016493,7273.561780,7225.832916,0.48537918,-8.182724,2.821640,3.876891,-14.881255,2.098532,2,stop_loss,"mean_revert_v1 ext_atr=2.10, wick=0.70, close_location=0.75, vol=1.15, atr_bps=21.2",extension_ok|rejection_ok|trend_block_ok|expected_edge_ok,,31.536316,-42.240785
TRD-SIG-BT-00000003,SIG-BT-00000003,BTCUSDT,mean_revert_v1,bearish,short,1578604440000,1578606180000,7829.483790,7820.683824,7852.288099,7755.519448,0.32688184,2.876549,2.046302,1.535015,-0.704768,3.243437,30,time_exit,"mean_revert_v1 ext_atr=3.24, wick=0.67, close_location=0.75, vol=1.36, atr_bps=29.1",extension_ok|rejection_ok|trend_block_ok|expected_edge_ok,,81.468989,-2.753734
TRD-SIG-BT-00000004,SIG-BT-00000004,BTCUSDT,mean_revert_v1,bearish,short,1578636180000,1578636360000,7743.460998,7753.957328,7752.406847,7726.798915,0.83315260,-8.745045,5.164686,7.098382,-21.008113,1.862549,4,stop_loss,"mean_revert_v1 ext_atr=1.86, wick=0.73, close_location=0.98, vol=1.56, atr_bps=11.6",extension_ok|rejection_ok|trend_block_ok|expected_edge_ok,,8.517617,-32.563222
TRD-SIG-BT-00000005,SIG-BT-00000005,BTCUSDT,mean_revert_v1,bearish,short,1578647760000,1578648300000,7721.455400,7730.457399,7728.911617,7700.971279,0.99537680,-8.960381,6.152190,8.456125,-23.568696,2.747254,10,stop_loss,"mean_revert_v1 ext_atr=2.75, wick=0.46, close_location=0.93, vol=1.98, atr_bps=9.7",extension_ok|rejection_ok|trend_block_ok|expected_edge_ok,,13.528834,-30.665418
TRD-SIG-BT-00000006,SIG-BT-00000006,BTCUSDT,mean_revert_v1,bearish,short,1579859520000,1579859700000,8273.404988,8282.343604,8280.687466,8248.310453,1.01426902,-9.066161,6.716793,9.232417,-25.015372,3.445878,4,stop_loss,"mean_revert_v1 ext_atr=3.45, wick=0.46, close_location=0.82, vol=1.07, atr_bps=8.8",extension_ok|rejection_ok|trend_block_ok|expected_edge_ok,,17.331569,-29.810517
TRD-SIG-BT-00000007,SIG-BT-00000007,BTCUSDT,mean_revert_v1,bearish,short,1579917180000,1579917360000,8277.634142,8288.054942,8286.397662,8255.160132,0.83857502,-8.738622,5.556629,7.637306,-21.932558,2.564496,4,stop_loss,"mean_revert_v1 ext_atr=2.56, wick=0.46, close_location=0.61, vol=2.63, atr_bps=10.6",extension_ok|rejection_ok|trend_block_ok|expected_edge_ok,,14.150282,-31.596657
TRD-SIG-BT-00000008,SIG-BT-00000008,BTCUSDT,mean_revert_v1,bearish,short,1582725360000,1582725360000,9109.477740,9077.694802,9126.594383,9075.879626,0.42741852,13.584617,3.109414,2.333419,8.141783,1.962892,1,take_profit,"mean_revert_v1 ext_atr=1.96, wick=0.71, close_location=0.97, vol=1.05, atr_bps=18.8",extension_ok|rejection_ok|trend_block_ok|expected_edge_ok,,23.882591,20.910900
TRD-SIG-BT-00000009,SIG-BT-00000009,BTCUSDT,mean_revert_v1,bearish,short,1582726140000,1582726740000,9129.043826,9053.845733,9157.665704,9052.035326,0.25603432,19.253292,1.862177,1.398559,15.992556,2.690547,11,take_profit,"mean_revert_v1 ext_atr=2.69, wick=0.59, close_location=0.59, vol=1.29, atr_bps=31.3",extension_ok|rejection_ok|trend_block_ok|expected_edge_ok,,71.355494,68.421785
TRD-SIG-BT-00000010,SIG-BT-00000010,BTCUSDT,mean_revert_v1,bearish,short,1582729680000,1582729740000,9041.721294,9019.680968,9057.404895,9017.877392,0.46878086,10.332083,3.386736,2.541086,4.404262,1.520308,2,take_profit,"mean_revert_v1 ext_atr=1.52, wick=0.50, close_location=0.95, vol=2.31, atr_bps=17.3",extension_ok|rejection_ok|trend_block_ok|expected_edge_ok,,13.370976,10.390875
TRD-SIG-BT-00000011,SIG-BT-00000011,BTCUSDT,mean_revert_v1,bearish,short,1582732020000,1582732560000,9047.250188,9013.214443,9058.700251,9011.412161,0.64268451,21.874246,4.642872,3.484343,13.747031,3.129941,10,take_profit,"mean_revert_v1 ext_atr=3.13, wick=0.72, close_location=0.72, vol=2.00, atr_bps=12.7",extension_ok|rejection_ok|trend_block_ok|expected_edge_ok,,26.612066,23.642559
TRD-SIG-BT-00000012,SIG-BT-00000012,BTCUSDT,mean_revert_v1,neutral,long,1582805400000,1582805460000,8894.128470,8881.306001,8883.082617,8918.668893,0.66806964,-8.566302,4.750091,6.534373,-19.850767,2.221687,2,stop_loss,"mean_revert_v1 ext_atr=-2.22, wick=0.57, close_location=0.77, vol=1.45, atr_bps=12.4",extension_ok|rejection_ok|trend_block_ok|expected_edge_ok,,14.591712,-33.408129
TRD-SIG-BT-00000013,SIG-BT-00000013,BTCUSDT,mean_revert_v1,neutral,long,1582823340000,1582823340000,8941.627968,8929.215535,8931.001736,8967.009832,0.69164897,-8.585046,4.944140,6.801197,-20.330384,2.388604,1,stop_loss,"mean_revert_v1 ext_atr=-2.39, wick=0.63, close_location=0.63, vol=1.16, atr_bps=11.9",extension_ok|rejection_ok|trend_block_ok|expected_edge_ok,,15.386178,-32.873296
TRD-SIG-BT-00000014,SIG-BT-00000014,BTCUSDT,mean_revert_v1,neutral,long,1582825740000,1582826160000,8935.616766,8924.805094,8926.590412,8958.357423,0.81086193,-8.766773,5.792934,7.968353,-22.528061,2.519362,8,stop_loss,"mean_revert_v1 ext_atr=-2.52, wick=0.60, close_location=0.62, vol=1.20, atr_bps=10.1",extension_ok|rejection_ok|trend_block_ok|expected_edge_ok,,12.449454,-31.092266
TRD-SIG-BT-00000015,SIG-BT-00000015,BTCUSDT,mean_revert_v1,neutral,long,1582827540000,1582827660000,8936.787000,8927.270118,8929.055930,8956.495215,0.94234493,-8.968185,6.733641,9.261896,-24.963722,2.549222,3,stop_loss,"mean_revert_v1 ext_atr=-2.55, wick=0.71, close_location=0.71, vol=1.50, atr_bps=8.7",extension_ok|rejection_ok|trend_block_ok|expected_edge_ok,,9.052909,-29.642719
TRD-SIG-BT-00000016,SIG-BT-00000016,BTCUSDT,mean_revert_v1,neutral,long,1582828140000,1582828140000,8932.496142,8922.492736,8924.277592,8956.515379,0.88189390,-8.821943,6.298482,8.663501,-23.783926,2.922564,1,stop_loss,"mean_revert_v1 ext_atr=-2.92, wick=0.45, close_location=0.66, vol=2.21, atr_bps=9.2",extension_ok|rejection_ok|trend_block_ok|expected_edge_ok,,13.889726,-30.192172
TRD-SIG-BT-00000017,SIG-BT-00000017,BTCUSDT,mean_revert_v1,bearish,long,1582849680000,1582849740000,8884.476540,8870.575007,8872.349477,8910.880264,0.59472056,-8.267527,4.223718,5.810505,-18.301750,2.177256,2,stop_loss,"mean_revert_v1 ext_atr=-2.18, wick=0.39, close_location=0.82, vol=5.82, atr_bps=13.7",extension_ok|rejection_ok|trend_block_ok|expected_edge_ok,,16.718941,-34.637602
TRD-SIG-BT-00000018,SIG-BT-00000018,BTCUSDT,mean_revert_v1,bullish,long,1583169840000,1583169960000,8903.390322,8892.232232,8894.011035,8926.401792,0.76602416,-8.547366,5.452751,7.500524,-21.500641,2.453435,3,stop_loss,"mean_revert_v1 ext_atr=-2.45, wick=0.69, close_location=0.69, vol=2.93, atr_bps=10.5",extension_ok|rejection_ok|trend_block_ok|expected_edge_ok,,12.845739,-31.524886
TRD-SIG-BT-00000019,SIG-BT-00000019,BTCUSDT,mean_revert_v1,bullish,long,1583377620000,1583377680000,8917.633170,8906.709176,8908.490874,8945.512374,0.78235377,-8.546428,5.577977,7.672709,-21.797114,3.049475,2,stop_loss,"mean_revert_v1 ext_atr=-3.05, wick=0.60, close_location=0.60, vol=1.27, atr_bps=10.3",extension_ok|rejection_ok|trend_block_ok|expected_edge_ok,,18.263008,-31.242531
TRD-SIG-BT-00000020,SIG-BT-00000020,BTCUSDT,mean_revert_v1,bullish,long,1583379780000,1583379780000,8911.351914,8898.739388,8900.519492,8945.997087,0.65726890,-8.289821,4.682408,6.441212,-19.413440,3.198285,1,stop_loss,"mean_revert_v1 ext_atr=-3.20, wick=0.59, close_location=0.68, vol=2.54, atr_bps=12.2",extension_ok|rejection_ok|trend_block_ok|expected_edge_ok,,25.877573,-33.144833
TRD-SIG-BT-00000021,SIG-BT-00000021,BTCUSDT,mean_revert_v1,bullish,long,1583383740000,1583383920000,8916.262896,8907.329284,8909.111106,8934.213634,0.99145721,-8.857295,7.068532,9.722331,-25.648157,2.509964,4,stop_loss,"mean_revert_v1 ext_atr=-2.51, wick=0.43, close_location=0.76, vol=4.11, atr_bps=8.0",extension_ok|rejection_ok|trend_block_ok|expected_edge_ok,,7.132580,-29.013446
TRD-SIG-BT-00000022,SIG-BT-00000022,BTCUSDT,mean_revert_v1,bullish,long,1583389080000,1583389080000,8920.883820,8910.509577,8912.292036,8948.294156,0.82080990,-8.515281,5.854474,8.052881,-22.422637,3.190296,1,stop_loss,"mean_revert_v1 ext_atr=-3.19, wick=0.63, close_location=0.63, vol=1.35, atr_bps=9.6",extension_ok|rejection_ok|trend_block_ok|expected_edge_ok,,17.726031,-30.622187
TRD-SIG-BT-00000023,SIG-BT-00000023,BTCUSDT,mean_revert_v1,neutral,short,1583456040000,1583456280000,9030.983442,9003.597779,9039.776486,9001.797419,0.79819776,21.859175,5.758065,4.320736,11.780375,3.319217,5,take_profit,"mean_revert_v1 ext_atr=3.32, wick=0.74, close_location=0.91, vol=1.30, atr_bps=9.7",extension_ok|rejection_ok|trend_block_ok|expected_edge_ok,,19.317657,16.342314
TRD-SIG-BT-00000024,SIG-BT-00000024,BTCUSDT,mean_revert_v1,neutral,short,1583456760000,1583457240000,9020.605518,9033.257002,9031.450711,8990.590084,0.64879050,-8.208162,4.685270,6.439373,-19.332805,2.767626,9,stop_loss,"mean_revert_v1 ext_atr=2.77, wick=0.79, close_location=0.94, vol=1.05, atr_bps=12.0",extension_ok|rejection_ok|trend_block_ok|expected_edge_ok,,20.274301,-33.033508
TRD-SIG-BT-00000025,SIG-BT-00000025,BTCUSDT,mean_revert_v1,neutral,long,1583600520000,1583600640000,8972.794200,8941.854959,8943.643688,9010.809704,0.24038203,-7.437237,1.722544,2.371101,-11.530882,1.304111,3,stop_loss,"mean_revert_v1 ext_atr=-1.30, wick=0.61, close_location=0.78, vol=5.09, atr_bps=32.5",extension_ok|rejection_ok|trend_block_ok|expected_edge_ok,,29.367521,-53.460477
TRD-SIG-BT-00000026,SIG-BT-00000026,BTCUSDT,mean_revert_v1,neutral,long,1583603700000,1583604000000,8929.865616,8915.107243,8916.890621,8956.527660,0.53872567,-7.950714,3.845418,5.290232,-17.086365,2.054879,6,stop_loss,"mean_revert_v1 ext_atr=-2.05, wick=0.67, close_location=0.79, vol=3.75, atr_bps=14.5",extension_ok|rejection_ok|trend_block_ok|expected_edge_ok,,16.857162,-35.517066
TRD-SIG-BT-00000027,SIG-BT-00000027,BTCUSDT,mean_revert_v1,neutral,long,1583606760000,1583607000000,8900.719788,8889.148108,8890.926293,8929.944415,0.71111827,-8.228833,5.060280,6.960765,-20.249878,2.984086,5,stop_loss,"mean_revert_v1 ext_atr=-2.98, wick=0.61, close_location=0.61, vol=1.07, atr_bps=11.0",extension_ok|rejection_ok|trend_block_ok|expected_edge_ok,,19.834004,-31.993036
TRD-SIG-BT-00000028,SIG-BT-00000028,BTCUSDT,mean_revert_v1,bullish,long,1586218380000,1586218380000,7384.366578,7363.280687,7364.753637,7429.205555,0.35353997,-7.454705,2.085553,2.870244,-12.410503,2.286194,1,stop_loss,"mean_revert_v1 ext_atr=-2.29, wick=0.58, close_location=0.58, vol=1.07, atr_bps=26.6",extension_ok|rejection_ok|trend_block_ok|expected_edge_ok,,47.721495,-47.537639
TRD-SIG-BT-00000029,SIG-BT-00000029,BTCUSDT,mean_revert_v1,neutral,short,1587739260000,1587739440000,7454.058890,7464.725746,7463.233100,7434.481910,0.75378076,-8.040471,4.498197,6.182207,-18.720875,2.133915,4,stop_loss,"mean_revert_v1 ext_atr=2.13, wick=0.85, close_location=0.90, vol=1.12, atr_bps=12.3",extension_ok|rejection_ok|trend_block_ok|expected_edge_ok,,13.263517,-33.318717
TRD-SIG-BT-00000030,SIG-BT-00000030,BTCUSDT,mean_revert_v1,neutral,short,1587739860000,1587739860000,7464.596782,7473.598886,7472.104466,7438.716492,0.91736172,-8.258186,5.481492,7.534160,-21.273838,3.447174,1,stop_loss,"mean_revert_v1 ext_atr=3.45, wick=0.40, close_location=0.75, vol=1.07, atr_bps=10.1",extension_ok|rejection_ok|trend_block_ok|expected_edge_ok,,21.670714,-31.066969
TRD-SIG-BT-00000031,SIG-BT-00000031,BTCUSDT,mean_revert_v1,neutral,short,1587773700000,1587773760000,7469.115878,7477.990732,7476.495433,7452.939086,0.92896529,-8.244432,5.554137,7.634053,-21.432622,2.192109,2,stop_loss,"mean_revert_v1 ext_atr=2.19, wick=0.67, close_location=0.67, vol=2.19, atr_bps=9.9",extension_ok|rejection_ok|trend_block_ok|expected_edge_ok,,8.658243,-30.889197
TRD-SIG-BT-00000032,SIG-BT-00000032,BTCUSDT,mean_revert_v1,bearish,short,1652093280000,1652093280000,32878.622960,32984.656828,32978.061216,32709.769013,0.06861747,-7.275776,1.807749,2.483108,-11.566632,1.698078,1,stop_loss,"mean_revert_v1 ext_atr=1.70, wick=0.57, close_location=0.70, vol=1.42, atr_bps=30.2",extension_ok|rejection_ok|trend_block_ok|expected_edge_ok,,38.356757,-51.269443
TRD-SIG-BT-00000033,SIG-BT-00000033,BTCUSDT,mean_revert_v1,bearish,short,1652094360000,1652096100000,32924.813720,32919.682620,33046.303832,32609.708328,0.05601980,0.287443,1.475438,1.106607,-2.294602,2.593671,30,time_exit,"mean_revert_v1 ext_atr=2.59, wick=0.62, close_location=0.84, vol=1.03, atr_bps=36.9",extension_ok|rejection_ok|trend_block_ok|expected_edge_ok,,82.704533,-12.440636
TRD-SIG-BT-00000034,SIG-BT-00000034,BTCUSDT,mean_revert_v1,bearish,short,1652101380000,1652101440000,32807.437200,32865.207251,32858.635524,32633.556198,0.13286392,-7.675555,3.490210,4.796352,-15.962117,3.396225,2,stop_loss,"mean_revert_v1 ext_atr=3.40, wick=0.62, close_location=1.00, vol=1.13, atr_bps=15.6",extension_ok|rejection_ok|trend_block_ok|expected_edge_ok,,40.000483,-36.619392
TRD-SIG-BT-00000035,SIG-BT-00000035,BTCUSDT,mean_revert_v1,bearish,short,1652106840000,1652106900000,32747.049280,32844.183658,32837.616134,32573.829801,0.07484490,-7.270012,1.963668,2.697498,-11.931178,1.912615,2,stop_loss,"mean_revert_v1 ext_atr=1.91, wick=0.79, close_location=0.94, vol=2.63, atr_bps=27.7",extension_ok|rejection_ok|trend_block_ok|expected_edge_ok,,39.896210,-48.679821
TRD-SIG-BT-00000036,SIG-BT-00000036,BTCUSDT,mean_revert_v1,bearish,long,1652126700000,1652127180000,31302.659280,31620.622096,31141.526997,31626.947486,0.04195664,13.340653,1.056020,0.790681,11.493952,2.012559,9,take_profit,"mean_revert_v1 ext_atr=-2.01, wick=0.70, close_location=0.70, vol=1.16, atr_bps=51.5",extension_ok|rejection_ok|trend_block_ok|expected_edge_ok,,90.597654,87.515984
TRD-SIG-BT-00000037,SIG-BT-00000037,BTCUSDT,mean_revert_v1,neutral,long,1652161560000,1652161560000,31767.752280,31940.496420,31695.168471,31946.885797,0.09337910,16.130693,2.379608,1.783093,11.967992,2.467954,1,take_profit,"mean_revert_v1 ext_atr=-2.47, wick=0.53, close_location=0.92, vol=1.33, atr_bps=22.9",extension_ok|rejection_ok|trend_block_ok|expected_edge_ok,,43.388477,40.344571
TRD-SIG-BT-00000038,SIG-BT-00000038,BTCUSDT,mean_revert_v1,neutral,long,1652162220000,1652163000000,31795.057740,32011.499030,31706.988831,32017.902610,0.07716415,16.701509,1.969432,1.475404,13.256673,2.530347,14,take_profit,"mean_revert_v1 ext_atr=-2.53, wick=0.35, close_location=0.92, vol=1.49, atr_bps=27.7",extension_ok|rejection_ok|trend_block_ok|expected_edge_ok,,57.087896,54.033031
TRD-SIG-BT-00000039,SIG-BT-00000039,BTCUSDT,mean_revert_v1,neutral,short,1652164680000,1652165340000,32567.985100,32349.701731,32674.157396,32343.233084,0.06419422,14.012531,1.666936,1.251604,11.093991,2.116861,12,take_profit,"mean_revert_v1 ext_atr=2.12, wick=0.79, close_location=0.79, vol=1.50, atr_bps=32.6",extension_ok|rejection_ok|trend_block_ok|expected_edge_ok,,56.010108,53.064121
TRD-SIG-BT-00000040,SIG-BT-00000040,BTCUSDT,mean_revert_v1,neutral,long,1652166180000,1652166540000,32111.020920,32003.186680,32009.588597,32297.989518,0.06735810,-7.263510,1.727445,2.377778,-11.368733,1.843284,7,stop_loss,"mean_revert_v1 ext_atr=-1.84, wick=0.49, close_location=0.80, vol=1.02, atr_bps=31.6",extension_ok|rejection_ok|trend_block_ok|expected_edge_ok,,45.225678,-52.561541
TRD-SIG-BT-00000041,SIG-BT-00000041,BTCUSDT,mean_revert_v1,neutral,long,1652167500000,1652168040000,31941.487020,31838.444526,31844.813489,32169.305216,0.07049743,-7.264231,1.798529,2.475519,-11.538279,2.356573,10,stop_loss,"mean_revert_v1 ext_atr=-2.36, wick=0.60, close_location=0.60, vol=2.03, atr_bps=30.3",extension_ok|rejection_ok|trend_block_ok|expected_edge_ok,,58.323604,-51.240410
TRD-SIG-BT-00000042,SIG-BT-00000042,BTCUSDT,mean_revert_v1,neutral,long,1652170200000,1652170380000,31763.151360,31682.461537,31688.799297,32016.661038,0.09142891,-7.377383,2.320305,3.193002,-12.890690,3.409585,4,stop_loss,"mean_revert_v1 ext_atr=-3.41, wick=0.41, close_location=0.87, vol=1.11, atr_bps=23.4",extension_ok|rejection_ok|trend_block_ok|expected_edge_ok,,66.812508,-44.388352
TRD-SIG-BT-00000043,SIG-BT-00000043,BTCUSDT,mean_revert_v1,neutral,long,1652171880000,1652172180000,31841.767080,31754.161195,31760.513298,32081.804116,0.08342495,-7.308516,2.122195,2.920575,-12.351286,2.954164,6,stop_loss,"mean_revert_v1 ext_atr=-2.95, wick=0.87, close_location=0.87, vol=1.01, atr_bps=25.5",extension_ok|rejection_ok|trend_block_ok|expected_edge_ok,,62.384333,-46.496375
TRD-SIG-BT-00000044,SIG-BT-00000044,BTCUSDT,mean_revert_v1,neutral,long,1652189820000,1652190120000,31846.568040,31718.129401,31724.474296,32185.163752,0.05536783,-7.111368,1.407776,1.938180,-10.457324,2.773244,6,stop_loss,"mean_revert_v1 ext_atr=-2.77, wick=0.50, close_location=0.97, vol=1.78, atr_bps=38.3",extension_ok|rejection_ok|trend_block_ok|expected_edge_ok,,93.320942,-59.306249
TRD-SIG-BT-00000045,SIG-BT-00000045,BTCUSDT,mean_revert_v1,neutral,long,1652191380000,1652191560000,31801.258980,32047.823019,31703.805726,32054.233866,0.06920630,17.063786,1.767504,1.323922,13.972360,2.595859,4,take_profit,"mean_revert_v1 ext_atr=-2.60, wick=0.35, close_location=1.00, vol=1.00, atr_bps=30.7",extension_ok|rejection_ok|trend_block_ok|expected_edge_ok,,66.548701,63.486269
TRD-SIG-BT-00000046,SIG-BT-00000046,BTCUSDT,mean_revert_v1,neutral,long,1652192040000,1652192700000,31755.549840,31632.797344,31639.125169,32105.321645,0.05810914,-7.133042,1.473377,2.028390,-10.634809,3.004276,12,stop_loss,"mean_revert_v1 ext_atr=-3.00, wick=0.64, close_location=0.64, vol=1.55, atr_bps=36.7",extension_ok|rejection_ok|trend_block_ok|expected_edge_ok,,97.145095,-57.632252
TRD-SIG-BT-00000047,SIG-BT-00000047,BTCUSDT,mean_revert_v1,neutral,long,1652236200000,1652236320000,31448.188380,31351.171774,31357.443262,31733.718203,0.07437740,-7.215843,1.868341,2.571494,-11.655678,3.146503,3,stop_loss,"mean_revert_v1 ext_atr=-3.15, wick=0.56, close_location=0.95, vol=1.02, atr_bps=28.9",extension_ok|rejection_ok|trend_block_ok|expected_edge_ok,,77.793727,-49.831154
TRD-SIG-BT-00000048,SIG-BT-00000048,BTCUSDT,mean_revert_v1,neutral,long,1652259600000,1652259600000,31398.978540,31271.314607,31277.570121,31694.937539,0.05544840,-7.078760,1.389987,1.913709,-10.382457,2.437714,1,stop_loss,"mean_revert_v1 ext_atr=-2.44, wick=0.55, close_location=0.81, vol=2.81, atr_bps=38.7",extension_ok|rejection_ok|trend_block_ok|expected_edge_ok,,81.257524,-59.634229
TRD-SIG-BT-00000049,SIG-BT-00000049,BTCUSDT,mean_revert_v1,neutral,long,1652261760000,1652261760000,31623.623460,31531.106525,31537.414007,31848.745673,0.07790710,-7.207726,1.968081,2.708634,-11.884441,2.611340,1,stop_loss,"mean_revert_v1 ext_atr=-2.61, wick=0.42, close_location=0.97, vol=1.45, atr_bps=27.3",extension_ok|rejection_ok|trend_block_ok|expected_edge_ok,,58.187988,-48.238086
TRD-SIG-BT-00000050,SIG-BT-00000050,BTCUSDT,mean_revert_v1,neutral,long,1652263200000,1652263320000,31748.548440,31662.907316,31669.241164,31959.559399,0.08446264,-7.233475,2.142360,2.948276,-12.324111,2.660676,3,stop_loss,"mean_revert_v1 ext_atr=-2.66, wick=0.74, close_location=0.74, vol=1.19, atr_bps=25.0",extension_ok|rejection_ok|trend_block_ok|expected_edge_ok,,53.463183,-45.958630
TRD-SIG-BT-00000051,SIG-BT-00000051,BTCUSDT,mean_revert_v1,neutral,long,1652280000000,1652280300000,31582.215180,31824.211189,31404.329510,31830.577305,0.03755230,9.087506,0.952423,0.713409,7.421675,1.396190,6,take_profit,"mean_revert_v1 ext_atr=-1.40, wick=0.61, close_location=0.61, vol=1.21, atr_bps=56.3",extension_ok|rejection_ok|trend_block_ok|expected_edge_ok,,65.639868,62.578163
TRD-SIG-BT-00000052,SIG-BT-00000052,BTCUSDT,mean_revert_v1,neutral,long,1652280840000,1652281980000,31482.695280,31309.846507,31316.109729,31929.670792,0.04016644,-6.942720,1.008861,1.389614,-9.341194,2.683159,20,stop_loss,"mean_revert_v1 ext_atr=-2.68, wick=0.41, close_location=0.67, vol=1.02, atr_bps=52.9",extension_ok|rejection_ok|trend_block_ok|expected_edge_ok,,128.974983,-73.869844
TRD-SIG-BT-00000053,SIG-BT-00000053,BTCUSDT,mean_revert_v1,bullish,long,1653942420000,1653942660000,31190.536860,31077.519907,31083.736654,31562.273904,0.06251988,-7.065807,1.557197,2.143618,-10.766622,3.480677,5,stop_loss,"mean_revert_v1 ext_atr=-3.48, wick=0.67, close_location=0.88, vol=1.22, atr_bps=34.2",extension_ok|rejection_ok|trend_block_ok|expected_edge_ok,,106.182637,-55.212631
TRD-SIG-BT-00000054,SIG-BT-00000054,BTCUSDT,mean_revert_v1,bullish,long,1653947040000,1653948780000,31657.430220,31643.470040,31562.723676,31961.138466,0.07033291,-0.981860,1.780855,1.335739,-4.098454,3.206835,30,time_exit,"mean_revert_v1 ext_atr=-3.21, wick=0.53, close_location=0.94, vol=1.28, atr_bps=29.9",extension_ok|rejection_ok|trend_block_ok|expected_edge_ok,,82.935850,-18.407118
TRD-SIG-BT-00000055,SIG-BT-00000055,BTCUSDT,mean_revert_v1,bullish,long,1653952320000,1653952560000,31851.268980,31795.047521,31801.407803,32000.624304,0.13346734,-7.503729,3.397882,4.674714,-15.576324,2.995423,5,stop_loss,"mean_revert_v1 ext_atr=-3.00, wick=0.71, close_location=0.71, vol=1.18, atr_bps=15.7",extension_ok|rejection_ok|trend_block_ok|expected_edge_ok,,33.891483,-36.640655
TRD-SIG-BT-00000056,SIG-BT-00000056,BTCUSDT,mean_revert_v1,bullish,long,1654043580000,1654045320000,31875.673860,31873.224080,31830.988675,32028.839261,0.14840432,-0.363558,3.784245,2.838220,-6.986022,3.427655,30,time_exit,"mean_revert_v1 ext_atr=-3.43, wick=0.54, close_location=0.68, vol=1.44, atr_bps=14.0",extension_ok|rejection_ok|trend_block_ok|expected_edge_ok,,35.050875,-14.768081
TRD-SIG-BT-00000057,SIG-BT-00000057,BTCUSDT,mean_revert_v1,neutral,long,1654631580000,1654631580000,31223.543460,31107.499819,31113.722564,31582.144026,0.06028903,-6.996159,1.503151,2.069281,-10.568591,3.265322,1,stop_loss,"mean_revert_v1 ext_atr=-3.27, wick=0.67, close_location=0.67, vol=1.45, atr_bps=35.2",extension_ok|rejection_ok|trend_block_ok|expected_edge_ok,,101.849414,-56.143129
TRD-SIG-BT-00000058,SIG-BT-00000058,BTCUSDT,mean_revert_v1,neutral,long,1654633260000,1654633740000,31445.287800,31333.188885,31339.456777,31766.885181,0.06241216,-6.996335,1.567256,2.157426,-10.721017,3.038782,9,stop_loss,"mean_revert_v1 ext_atr=-3.04, wick=0.47, close_location=1.00, vol=1.06, atr_bps=33.7",extension_ok|rejection_ok|trend_block_ok|expected_edge_ok,,89.272042,-54.627485
TRD-SIG-BT-00000059,SIG-BT-00000059,BTCUSDT,mean_revert_v1,bullish,long,1678799100000,1678799160000,26444.987940,26260.302442,26265.555553,27051.199585,0.03672169,-6.781964,0.774171,1.066859,-8.622994,3.378496,2,stop_loss,"mean_revert_v1 ext_atr=-3.38, wick=0.39, close_location=0.80, vol=1.19, atr_bps=67.9",extension_ok|rejection_ok|trend_block_ok|expected_edge_ok,,216.234986,-88.795713
TRD-SIG-BT-00000060,SIG-BT-00000060,BTCUSDT,mean_revert_v1,bullish,long,1679092920000,1679093880000,27556.910280,27444.599568,27450.089586,27809.419530,0.06156229,-6.914104,1.354408,1.864730,-10.133242,2.363861,17,stop_loss,"mean_revert_v1 ext_atr=-2.36, wick=0.80, close_location=0.80, vol=1.18, atr_bps=38.8",extension_ok|rejection_ok|trend_block_ok|expected_edge_ok,,78.631917,-59.731461
TRD-SIG-BT-00000061,SIG-BT-00000061,BTCUSDT,mean_revert_v1,bullish,long,1679101020000,1679101140000,27612.021300,27546.418017,27551.928403,27800.644502,0.10917973,-7.162549,2.408874,3.314708,-12.886130,3.138860,3,stop_loss,"mean_revert_v1 ext_atr=-3.14, wick=0.41, close_location=0.57, vol=4.20, atr_bps=21.8",extension_ok|rejection_ok|trend_block_ok|expected_edge_ok,,55.311986,-42.744701
TRD-SIG-BT-00000062,SIG-BT-00000062,BTCUSDT,mean_revert_v1,neutral,long,1679157960000,1679159460000,27353.169540,27252.384241,27257.835808,27631.478503,0.06861787,-6.915672,1.498767,2.063224,-10.477663,2.919313,26,stop_loss,"mean_revert_v1 ext_atr=-2.92, wick=0.59, close_location=0.99, vol=1.18, atr_bps=34.9",extension_ok|rejection_ok|trend_block_ok|expected_edge_ok,,88.746514,-55.823822
TRD-SIG-BT-00000063,SIG-BT-00000063,BTCUSDT,mean_revert_v1,bullish,long,1679245380000,1679247120000,27823.663620,27868.225240,27730.744495,28046.632132,0.07023184,3.129644,1.564537,1.173090,0.392017,2.399598,30,time_exit,"mean_revert_v1 ext_atr=-2.40, wick=0.55, close_location=0.98, vol=1.07, atr_bps=33.4",extension_ok|rejection_ok|trend_block_ok|expected_edge_ok,,67.136288,2.006117
TRD-SIG-BT-00000064,SIG-BT-00000064,BTCUSDT,mean_revert_v1,bullish,long,1679247600000,1679247900000,27990.597000,28043.931430,27943.079735,28049.541338,0.13734942,7.325453,3.078524,2.308161,1.938768,1.240483,6,take_profit,"mean_revert_v1 ext_atr=-1.24, wick=0.39, close_location=1.00, vol=1.24, atr_bps=17.0",extension_ok|rejection_ok|trend_block_ok|expected_edge_ok,,8.058621,5.042976
TRD-SIG-BT-00000065,SIG-BT-00000065,BTCUSDT,mean_revert_v1,bullish,long,1679248860000,1679248860000,27909.580800,27863.343181,27868.916964,28050.020416,0.16056963,-7.424357,3.582175,4.928089,-15.934621,3.453674,1,stop_loss,"mean_revert_v1 ext_atr=-3.45, wick=0.57, close_location=0.94, vol=1.07, atr_bps=14.6",extension_ok|rejection_ok|trend_block_ok|expected_edge_ok,,37.319500,-35.556994
TRD-SIG-BT-00000066,SIG-BT-00000066,BTCUSDT,mean_revert_v1,bullish,long,1679250480000,1679250540000,27993.297540,27956.373905,27961.966298,28057.875887,0.20763540,-7.666654,4.646853,6.392106,-18.705613,2.061149,2,stop_loss,"mean_revert_v1 ext_atr=-2.06, wick=0.85, close_location=0.85, vol=1.10, atr_bps=11.2",extension_ok|rejection_ok|trend_block_ok|expected_edge_ok,,10.069218,-32.182256
TRD-SIG-BT-00000067,SIG-BT-00000067,BTCUSDT,mean_revert_v1,bullish,long,1679256900000,1679256960000,28144.227720,28079.353475,28084.970469,28215.630117,0.10931011,-7.091411,2.458322,3.382675,-12.932408,1.204956,2,stop_loss,"mean_revert_v1 ext_atr=-1.20, wick=0.78, close_location=0.78, vol=2.77, atr_bps=21.1",extension_ok|rejection_ok|trend_block_ok|expected_edge_ok,,12.370175,-42.036809
TRD-SIG-BT-00000068,SIG-BT-00000068,BTCUSDT,mean_revert_v1,bullish,long,1679259780000,1679259900000,27976.694220,28037.797748,27925.541896,28043.406429,0.12625073,7.714365,2.828748,2.120790,2.764827,1.304187,3,take_profit,"mean_revert_v1 ext_atr=-1.30, wick=0.82, close_location=0.99, vol=1.33, atr_bps=18.3",extension_ok|rejection_ok|trend_block_ok|expected_edge_ok,,10.845637,7.827762
TRD-SIG-BT-00000069,SIG-BT-00000069,BTCUSDT,mean_revert_v1,bullish,long,1679261880000,1679262600000,28014.401760,27965.547574,27971.141803,28130.793846,0.14937984,-7.297830,3.344910,4.601806,-15.244546,2.690527,13,stop_loss,"mean_revert_v1 ext_atr=-2.69, wick=0.70, close_location=0.70, vol=2.97, atr_bps=15.4",extension_ok|rejection_ok|trend_block_ok|expected_edge_ok,,28.547232,-36.428490
TRD-SIG-BT-00000070,SIG-BT-00000070,BTCUSDT,mean_revert_v1,bullish,long,1679262840000,1679263200000,27961.591200,27913.915041,27919.498941,28104.893265,0.15298058,-7.293527,3.419147,4.703880,-15.416553,3.404475,7,stop_loss,"mean_revert_v1 ext_atr=-3.40, wick=0.57, close_location=0.57, vol=1.01, atr_bps=15.1",extension_ok|rejection_ok|trend_block_ok|expected_edge_ok,,38.249610,-36.040358
TRD-SIG-BT-00000071,SIG-BT-00000071,BTCUSDT,mean_revert_v1,bullish,long,1679264700000,1679265660000,27987.096300,28093.768419,27949.233133,28099.388297,0.16945687,18.076323,3.801315,2.849179,11.425829,2.965732,17,take_profit,"mean_revert_v1 ext_atr=-2.97, wick=0.79, close_location=0.95, vol=1.18, atr_bps=13.5",extension_ok|rejection_ok|trend_block_ok|expected_edge_ok,,27.122775,24.091880
TRD-SIG-BT-00000072,SIG-BT-00000072,BTCUSDT,mean_revert_v1,bullish,long,1679269620000,1679269620000,28095.517980,28057.781780,28063.394459,28165.375652,0.20026797,-7.557352,4.498283,6.187784,-18.243419,2.174658,1,stop_loss,"mean_revert_v1 ext_atr=-2.17, wick=0.60, close_location=0.60, vol=1.53, atr_bps=11.4",extension_ok|rejection_ok|trend_block_ok|expected_edge_ok,,11.864347,-32.423336
TRD-SIG-BT-00000073,SIG-BT-00000073,BTCUSDT,mean_revert_v1,bullish,long,1679270580000,1679270640000,28013.101500,27968.812904,27974.407785,28097.139276,0.16555524,-7.332209,3.707240,5.100021,-16.139470,2.171872,2,stop_loss,"mean_revert_v1 ext_atr=-2.17, wick=0.41, close_location=0.77, vol=1.13, atr_bps=13.8",extension_ok|rejection_ok|trend_block_ok|expected_edge_ok,,16.999454,-34.800472
TRD-SIG-BT-00000074,SIG-BT-00000074,BTCUSDT,mean_revert_v1,bullish,long,1679296860000,1679298000000,27824.463780,27973.350453,27777.512885,27978.946242,0.13592367,20.237223,3.033698,2.273250,14.930276,3.290299,20,take_profit,"mean_revert_v1 ext_atr=-3.29, wick=0.60, close_location=0.60, vol=1.11, atr_bps=16.9",extension_ok|rejection_ok|trend_block_ok|expected_edge_ok,,42.520374,39.477162
TRD-SIG-BT-00000075,SIG-BT-00000075,BTCUSDT,mean_revert_v1,bullish,short,1679298240000,1679298300000,28124.773920,28195.510793,28189.872819,28043.739880,0.09837545,-6.958772,2.216213,3.044858,-12.219843,1.244784,2,stop_loss,"mean_revert_v1 ext_atr=1.24, wick=0.55, close_location=0.89, vol=3.07, atr_bps=23.1",extension_ok|rejection_ok|trend_block_ok|expected_edge_ok,,15.812335,-44.166180
TRD-SIG-BT-00000076,SIG-BT-00000076,BTCUSDT,mean_revert_v1,bullish,long,1679305080000,1679306100000,28087.216320,28186.764660,28030.672334,28192.403141,0.11293515,11.242507,2.542124,1.905469,6.794913,1.860265,18,take_profit,"mean_revert_v1 ext_atr=-1.86, wick=0.78, close_location=0.95, vol=3.90, atr_bps=20.1",extension_ok|rejection_ok|trend_block_ok|expected_edge_ok,,24.450070,21.421313
TRD-SIG-BT-00000077,SIG-BT-00000077,BTCUSDT,mean_revert_v1,bullish,long,1679307300000,1679307360000,28090.717020,28027.705138,28033.311800,28164.812220,0.11141837,-7.020681,2.501049,3.441400,-12.963130,1.290740,2,stop_loss,"mean_revert_v1 ext_atr=-1.29, wick=0.65, close_location=0.90, vol=6.03, atr_bps=20.4",extension_ok|rejection_ok|trend_block_ok|expected_edge_ok,,13.377112,-41.418108
TRD-SIG-BT-00000078,SIG-BT-00000078,BTCUSDT,mean_revert_v1,bullish,long,1679310300000,1679311020000,28071.313140,28134.529801,28036.130147,28140.157832,0.18123959,11.457362,4.074690,3.054872,4.327800,1.956761,13,take_profit,"mean_revert_v1 ext_atr=-1.96, wick=0.47, close_location=0.68, vol=1.08, atr_bps=12.5",extension_ok|rejection_ok|trend_block_ok|expected_edge_ok,,11.524928,8.506510
TRD-SIG-BT-00000079,SIG-BT-00000079,BTCUSDT,mean_revert_v1,bullish,long,1679314800000,1679314920000,28093.517580,28143.648180,28061.031290,28149.278035,0.19648421,9.849871,4.419886,3.313930,2.116055,1.716430,3,take_profit,"mean_revert_v1 ext_atr=-1.72, wick=0.75, close_location=0.79, vol=1.06, atr_bps=11.6",extension_ok|rejection_ok|trend_block_ok|expected_edge_ok,,6.848157,3.833480
TRD-SIG-BT-00000080,SIG-BT-00000080,BTCUSDT,mean_revert_v1,bullish,long,1679317680000,1679317800000,28121.423160,28086.702949,28092.321413,28175.052703,0.21944446,-7.619158,4.933825,6.786675,-19.339658,1.842829,3,stop_loss,"mean_revert_v1 ext_atr=-1.84, wick=0.95, close_location=1.00, vol=2.45, atr_bps=10.4",extension_ok|rejection_ok|trend_block_ok|expected_edge_ok,,6.070707,-31.339126
TRD-SIG-BT-00000081,SIG-BT-00000081,BTCUSDT,mean_revert_v1,bullish,long,1679318700000,1679318880000,28087.016280,28049.725895,28055.336962,28144.254438,0.20067376,-7.483202,4.506068,6.198463,-18.187733,1.806799,4,stop_loss,"mean_revert_v1 ext_atr=-1.81, wick=0.51, close_location=0.96, vol=1.93, atr_bps=11.3",extension_ok|rejection_ok|trend_block_ok|expected_edge_ok,,7.378867,-32.268768
TRD-SIG-BT-00000082,SIG-BT-00000082,BTCUSDT,mean_revert_v1,neutral,long,1679320620000,1679320920000,27804.159720,28000.751351,27739.429283,28006.352621,0.09778902,19.224503,2.182843,1.635211,15.406449,3.123614,6,take_profit,"mean_revert_v1 ext_atr=-3.12, wick=0.43, close_location=0.95, vol=1.31, atr_bps=23.3",extension_ok|rejection_ok|trend_block_ok|expected_edge_ok,,59.720378,56.663408
TRD-SIG-BT-00000083,SIG-BT-00000083,BTCUSDT,mean_revert_v1,neutral,long,1679321460000,1679322000000,27898.478580,27822.667241,27828.232887,28046.363973,0.09044022,-6.856394,2.015773,2.774087,-11.646254,2.105259,10,stop_loss,"mean_revert_v1 ext_atr=-2.11, wick=0.58, close_location=0.58, vol=1.44, atr_bps=25.2",extension_ok|rejection_ok|trend_block_ok|expected_edge_ok,,40.008408,-46.157699
TRD-SIG-BT-00000084,SIG-BT-00000084,BTCUSDT,mean_revert_v1,neutral,long,1679323620000,1679324400000,27923.783640,28069.226746,27877.775998,28074.841714,0.13770683,20.028509,3.084248,2.311184,14.633077,3.283326,14,take_profit,"mean_revert_v1 ext_atr=-3.28, wick=0.68, close_location=0.94, vol=1.10, atr_bps=16.5",extension_ok|rejection_ok|trend_block_ok|expected_edge_ok,,41.096564,38.054491
TRD-SIG-BT-00000085,SIG-BT-00000085,BTCUSDT,mean_revert_v1,bullish,long,1679324940000,1679325000000,27965.792040,27917.766163,27923.350833,28091.743931,0.14979583,-7.194076,3.348450,4.606636,-15.149162,2.967679,2,stop_loss,"mean_revert_v1 ext_atr=-2.97, wick=0.55, close_location=0.55, vol=1.21, atr_bps=15.2",extension_ok|rejection_ok|trend_block_ok|expected_edge_ok,,32.037842,-36.162775
TRD-SIG-BT-00000086,SIG-BT-00000086,BTCUSDT,mean_revert_v1,neutral,long,1679337240000,1679337360000,27906.780240,27846.542173,27852.112596,27983.256423,0.11587827,-6.980283,2.584240,3.555772,-13.120295,1.398930,3,stop_loss,"mean_revert_v1 ext_atr=-1.40, wick=0.56, close_location=0.56, vol=1.12, atr_bps=19.6",extension_ok|rejection_ok|trend_block_ok|expected_edge_ok,,14.404158,-40.572507
TRD-SIG-BT-00000087,SIG-BT-00000087,BTCUSDT,mean_revert_v1,bullish,long,1679345460000,1679345460000,27996.398160,27958.055535,27963.648265,28050.646184,0.19282846,-7.393549,4.315844,5.936874,-17.646267,1.656434,1,stop_loss,"mean_revert_v1 ext_atr=-1.66, wick=0.47, close_location=0.61, vol=1.39, atr_bps=11.7",extension_ok|rejection_ok|trend_block_ok|expected_edge_ok,,6.376787,-32.687339
TRD-SIG-BT-00000088,SIG-BT-00000088,BTCUSDT,mean_revert_v1,bullish,long,1679395740000,1679395800000,27975.694020,27932.685344,27938.272999,28096.511430,0.16805106,-7.227654,3.758185,5.170034,-16.155873,3.228597,2,stop_loss,"mean_revert_v1 ext_atr=-3.23, wick=0.63, close_location=0.63, vol=1.27, atr_bps=13.4",extension_ok|rejection_ok|trend_block_ok|expected_edge_ok,,30.186564,-34.364362
TRD-SIG-BT-00000089,SIG-BT-00000089,BTCUSDT,mean_revert_v1,bullish,long,1679399220000,1679399220000,28010.500980,27980.346636,27985.943824,28068.940097,0.25509504,-7.692224,5.713195,7.858335,-21.263754,2.379718,1,stop_loss,"mean_revert_v1 ext_atr=-2.38, wick=0.54, close_location=0.81, vol=1.22, atr_bps=8.8",extension_ok|rejection_ok|trend_block_ok|expected_edge_ok,,7.863289,-29.758912
TRD-SIG-BT-00000090,SIG-BT-00000090,BTCUSDT,mean_revert_v1,bullish,long,1679405160000,1679405940000,28032.305340,27982.298040,27987.895619,28123.592965,0.14034119,-7.018084,3.144462,4.326092,-14.488638,2.055578,14,stop_loss,"mean_revert_v1 ext_atr=-2.06, wick=0.78, close_location=1.00, vol=1.41, atr_bps=15.8",extension_ok|rejection_ok|trend_block_ok|expected_edge_ok,,19.565151,-36.828464
TRD-SIG-BT-00000091,SIG-BT-00000091,BTCUSDT,mean_revert_v1,bullish,long,1679407800000,1679407860000,27932.385360,27880.218182,27885.795341,28079.622045,0.13330709,-6.954255,2.976086,4.094553,-14.024894,3.160262,2,stop_loss,"mean_revert_v1 ext_atr=-3.16, wick=0.65, close_location=0.65, vol=1.32, atr_bps=16.7",extension_ok|rejection_ok|trend_block_ok|expected_edge_ok,,39.711819,-37.665028
TRD-SIG-BT-00000092,SIG-BT-00000092,BTCUSDT,mean_revert_v1,bullish,long,1679412840000,1679413080000,27997.598400,28051.544895,27964.496337,28057.156327,0.18698964,10.087436,4.192244,3.143174,2.752018,1.799221,5,take_profit,"mean_revert_v1 ext_atr=-1.80, wick=0.72, close_location=0.72, vol=1.70, atr_bps=11.8",extension_ok|rejection_ok|trend_block_ok|expected_edge_ok,,8.272513,5.256696
TRD-SIG-BT-00000093,SIG-BT-00000093,BTCUSDT,mean_revert_v1,bullish,long,1679413320000,1679413920000,28005.600000,28073.468791,27972.700141,28079.084608,0.18826435,12.777274,4.223076,3.166030,5.388168,2.233584,11,take_profit,"mean_revert_v1 ext_atr=-2.23, wick=0.73, close_location=0.73, vol=1.44, atr_bps=11.7",extension_ok|rejection_ok|trend_block_ok|expected_edge_ok,,13.239255,10.219466
TRD-SIG-BT-00000094,SIG-BT-00000094,BTCUSDT,mean_revert_v1,bullish,long,1679414880000,1679415060000,28026.904260,28101.398378,27995.894149,28107.019782,0.19999777,14.898657,4.490214,3.366171,7.042272,2.583529,4,take_profit,"mean_revert_v1 ext_atr=-2.58, wick=0.56, close_location=0.67, vol=1.32, atr_bps=11.1",extension_ok|rejection_ok|trend_block_ok|expected_edge_ok,,15.585220,12.563554
TRD-SIG-BT-00000095,SIG-BT-00000095,BTCUSDT,mean_revert_v1,bullish,long,1679420520000,1679420700000,28114.521780,28053.654991,28059.266844,28190.133199,0.11243369,-6.843478,2.526078,3.475752,-12.845308,1.368410,4,stop_loss,"mean_revert_v1 ext_atr=-1.37, wick=0.65, close_location=0.65, vol=3.61, atr_bps=19.7",extension_ok|rejection_ok|trend_block_ok|expected_edge_ok,,13.894080,-40.636600
TRD-SIG-BT-00000096,SIG-BT-00000096,BTCUSDT,mean_revert_v1,bullish,long,1679429100000,1679430600000,28077.914460,28145.973105,28047.704514,28151.603426,0.20500693,13.952494,4.610515,3.456491,5.885488,2.439229,26,take_profit,"mean_revert_v1 ext_atr=-2.44, wick=0.60, close_location=0.60, vol=3.00, atr_bps=10.8",extension_ok|rejection_ok|trend_block_ok|expected_edge_ok,,13.244459,10.224665
TRD-SIG-BT-00000097,SIG-BT-00000097,BTCUSDT,mean_revert_v1,bullish,long,1679431860000,1679432460000,28063.711620,28027.966072,28033.572787,28142.768107,0.20578357,-7.355846,4.617098,6.351084,-18.324029,2.623077,11,stop_loss,"mean_revert_v1 ext_atr=-2.62, wick=0.44, close_location=0.84, vol=1.38, atr_bps=10.7",extension_ok|rejection_ok|trend_block_ok|expected_edge_ok,,15.170361,-31.729642
TRD-SIG-BT-00000098,SIG-BT-00000098,BTCUSDT,mean_revert_v1,neutral,long,1679434500000,1679434500000,28012.001280,27977.410202,27983.006804,28090.631658,0.21295748,-7.366429,4.769346,6.560428,-18.696202,2.711909,1,stop_loss,"mean_revert_v1 ext_atr=-2.71, wick=0.75, close_location=0.75, vol=1.53, atr_bps=10.4",extension_ok|rejection_ok|trend_block_ok|expected_edge_ok,,15.070246,-31.341254
TRD-SIG-BT-00000099,SIG-BT-00000099,BTCUSDT,mean_revert_v1,neutral,long,1679445960000,1679446860000,28000.699020,27965.160522,27970.754673,28094.192848,0.20526567,-7.294833,4.595148,6.320881,-18.210862,3.122253,16,stop_loss,"mean_revert_v1 ext_atr=-3.12, wick=0.37, close_location=0.94, vol=1.43, atr_bps=10.7",extension_ok|rejection_ok|trend_block_ok|expected_edge_ok,,20.389819,-31.684388
TRD-SIG-BT-00000100,SIG-BT-00000100,BTCUSDT,mean_revert_v1,neutral,long,1679448360000,1679448840000,28032.105300,28002.929245,28008.530952,28090.674054,0.25957154,-7.573273,5.818040,8.002456,-21.393769,2.484427,9,stop_loss,"mean_revert_v1 ext_atr=-2.48, wick=0.44, close_location=0.94, vol=2.33, atr_bps=8.4",extension_ok|rejection_ok|trend_block_ok|expected_edge_ok,,7.893455,-29.401840
TRD-SIG-BT-00000101,SIG-BT-00000101,BTCUSDT,mean_revert_v1,bullish,long,1679449140000,1679449200000,28026.304140,27998.148603,28003.749352,28099.170807,0.26988236,-7.598683,6.048005,8.318666,-21.965353,3.230652,2,stop_loss,"mean_revert_v1 ext_atr=-3.23, wick=0.47, close_location=0.81, vol=1.29, atr_bps=8.0",extension_ok|rejection_ok|trend_block_ok|expected_edge_ok,,12.999385,-29.040084
TRD-SIG-BT-00000102,SIG-BT-00000102,BTCUSDT,mean_revert_v1,bullish,long,1679470560000,1679471100000,28081.715220,28049.061379,28054.672314,28163.981669,0.22387354,-7.310331,5.026478,6.913966,-19.250776,3.042071,10,stop_loss,"mean_revert_v1 ext_atr=-3.04, wick=0.52, close_location=0.89, vol=1.37, atr_bps=9.6",extension_ok|rejection_ok|trend_block_ok|expected_edge_ok,,16.295379,-30.621173
TRD-SIG-BT-00000103,SIG-BT-00000103,BTCUSDT,mean_revert_v1,bullish,short,1679509980000,1679510100000,28452.108440,28314.139462,28554.096677,28308.477766,0.05907853,8.151004,1.341467,1.006915,5.802622,1.408306,3,take_profit,"mean_revert_v1 ext_atr=1.41, wick=0.38, close_location=0.76, vol=1.57, atr_bps=35.8",extension_ok|rejection_ok|trend_block_ok|expected_edge_ok,,37.481557,34.520746
TRD-SIG-BT-00000104,SIG-BT-00000104,BTCUSDT,mean_revert_v1,neutral,long,1679511600000,1679511660000,28024.503780,27888.332066,27893.910848,28183.685087,0.04620479,-6.291786,1.033376,1.423094,-8.748256,1.218912,2,stop_loss,"mean_revert_v1 ext_atr=-1.22, wick=0.41, close_location=0.85, vol=1.18, atr_bps=46.6",extension_ok|rejection_ok|trend_block_ok|expected_edge_ok,,43.800758,-67.561076
TRD-SIG-BT-00000105,SIG-BT-00000105,BTCUSDT,mean_revert_v1,neutral,short,1679584380000,1679584500000,28290.440780,28393.122254,28387.444765,28089.847445,0.06206855,-6.373290,1.407307,1.932816,-9.713413,2.067888,3,stop_loss,"mean_revert_v1 ext_atr=2.07, wick=0.53, close_location=0.98, vol=1.28, atr_bps=34.3",extension_ok|rejection_ok|trend_block_ok|expected_edge_ok,,57.904987,-55.317242
TRD-SIG-BT-00000106,SIG-BT-00000106,BTCUSDT,mean_revert_v1,neutral,short,1679584860000,1679585460000,28487.701320,28604.456863,28598.737115,28227.546410,0.05409361,-6.315728,1.235328,1.696366,-9.247422,2.342982,11,stop_loss,"mean_revert_v1 ext_atr=2.34, wick=0.36, close_location=0.73, vol=1.06, atr_bps=39.0",extension_ok|rejection_ok|trend_block_ok|expected_edge_ok,,78.321833,-60.009133
TRD-SIG-BT-00000107,SIG-BT-00000107,BTCUSDT,mean_revert_v1,neutral,short,1679586840000,1679588340000,28574.184020,28365.978614,28645.698119,28360.306552,0.08379404,17.446373,1.908499,1.433119,14.104755,2.990704,26,take_profit,"mean_revert_v1 ext_atr=2.99, wick=0.37, close_location=0.97, vol=1.03, atr_bps=25.0",extension_ok|rejection_ok|trend_block_ok|expected_edge_ok,,61.849895,58.908581
TRD-SIG-BT-00000108,SIG-BT-00000108,BTCUSDT,mean_revert_v1,neutral,short,1679589000000,1679590740000,28474.304000,28465.792020,28525.133064,28312.788035,0.11831051,1.007057,2.694645,2.021084,-3.708672,3.177630,30,time_exit,"mean_revert_v1 ext_atr=3.18, wick=0.78, close_location=0.89, vol=1.15, atr_bps=17.8",extension_ok|rejection_ok|trend_block_ok|expected_edge_ok,,43.723411,-11.008852
TRD-SIG-BT-00000109,SIG-BT-00000109,BTCUSDT,mean_revert_v1,bullish,long,1679592420000,1679592660000,28192.837440,28249.032556,28142.245283,28254.683493,0.11875456,6.673427,2.681092,2.010152,1.982183,1.222443,5,take_profit,"mean_revert_v1 ext_atr=-1.22, wick=0.57, close_location=0.57, vol=3.87, atr_bps=17.9",extension_ok|rejection_ok|trend_block_ok|expected_edge_ok,,8.936796,5.920448
TRD-SIG-BT-00000110,SIG-BT-00000110,BTCUSDT,mean_revert_v1,bullish,long,1679597940000,1679598240000,27890.476980,27823.972893,27829.538800,28096.676425,0.09864133,-6.560051,2.198299,3.024957,-11.783307,3.383748,6,stop_loss,"mean_revert_v1 ext_atr=-3.38, wick=0.59, close_location=0.87, vol=1.24, atr_bps=21.9",extension_ok|rejection_ok|trend_block_ok|expected_edge_ok,,60.931846,-42.830422
TRD-SIG-BT-00000111,SIG-BT-00000111,BTCUSDT,mean_revert_v1,bullish,long,1679599380000,1679600340000,27835.265940,28031.336318,27770.971551,28036.943707,0.09321728,18.277147,2.083093,1.560493,14.633561,3.136786,17,take_profit,"mean_revert_v1 ext_atr=-3.14, wick=0.76, close_location=0.88, vol=1.57, atr_bps=23.1",extension_ok|rejection_ok|trend_block_ok|expected_edge_ok,,59.454047,56.397289
TRD-SIG-BT-00000112,SIG-BT-00000112,BTCUSDT,mean_revert_v1,bullish,long,1679606280000,1679606340000,28046.608200,27997.398199,28002.998799,28188.392217,0.13793581,-6.787821,3.092190,4.254137,-14.134149,3.251226,2,stop_loss,"mean_revert_v1 ext_atr=-3.25, wick=0.59, close_location=0.59, vol=4.20, atr_bps=15.6",extension_ok|rejection_ok|trend_block_ok|expected_edge_ok,,37.552999,-36.535266
TRD-SIG-BT-00000113,SIG-BT-00000113,BTCUSDT,mean_revert_v1,neutral,long,1679647200000,1679647500000,28034.005680,27991.850341,27997.449831,28157.088403,0.16397094,-6.912251,3.674645,5.055056,-15.641951,3.366978,6,stop_loss,"mean_revert_v1 ext_atr=-3.37, wick=0.57, close_location=0.57, vol=6.23, atr_bps=13.0",extension_ok|rejection_ok|trend_block_ok|expected_edge_ok,,30.904793,-34.028193
TRD-SIG-BT-00000114,SIG-BT-00000114,BTCUSDT,mean_revert_v1,neutral,long,1679647920000,1679648580000,27988.496580,28102.179985,27946.236030,28107.801546,0.14128150,16.061362,3.169830,2.375767,10.515765,2.823081,12,take_profit,"mean_revert_v1 ext_atr=-2.82, wick=0.55, close_location=0.93, vol=1.49, atr_bps=15.1",extension_ok|rejection_ok|trend_block_ok|expected_edge_ok,,29.626429,26.593531
TRD-SIG-BT-00000115,SIG-BT-00000115,BTCUSDT,mean_revert_v1,neutral,long,1679650860000,1679651160000,28080.214920,28047.026404,28052.636931,28141.609610,0.21707195,-7.204296,4.873460,6.703529,-18.781284,2.226221,6,stop_loss,"mean_revert_v1 ext_atr=-2.23, wick=0.72, close_location=0.72, vol=1.49, atr_bps=9.8",extension_ok|rejection_ok|trend_block_ok|expected_edge_ok,,8.864038,-30.812090
TRD-SIG-BT-00000116,SIG-BT-00000116,BTCUSDT,mean_revert_v1,neutral,long,1679651460000,1679652420000,28040.306940,28004.175284,28009.777239,28124.919323,0.19516194,-7.051524,4.375100,6.018230,-17.444855,2.771478,17,stop_loss,"mean_revert_v1 ext_atr=-2.77, wick=0.92, close_location=0.93, vol=2.19, atr_bps=10.9",extension_ok|rejection_ok|trend_block_ok|expected_edge_ok,,17.175270,-31.877882
TRD-SIG-BT-00000117,SIG-BT-00000117,BTCUSDT,mean_revert_v1,neutral,long,1679662860000,1679662980000,27965.592000,27923.136198,27928.721942,28078.572063,0.16089122,-6.830766,3.596802,4.947994,-15.375561,3.064277,3,stop_loss,"mean_revert_v1 ext_atr=-3.06, wick=0.83, close_location=0.83, vol=1.39, atr_bps=13.2",extension_ok|rejection_ok|trend_block_ok|expected_edge_ok,,27.399668,-34.172333
TRD-SIG-BT-00000118,SIG-BT-00000118,BTCUSDT,mean_revert_v1,neutral,long,1679665500000,1679665500000,27787.956480,27723.896632,27729.442520,27991.362022,0.10098454,-6.469054,2.242336,3.085475,-11.796865,3.476188,1,stop_loss,"mean_revert_v1 ext_atr=-3.48, wick=0.45, close_location=0.89, vol=1.79, atr_bps=21.1",extension_ok|rejection_ok|trend_block_ok|expected_edge_ok,,60.199173,-42.039265
TRD-SIG-BT-00000119,SIG-BT-00000119,BTCUSDT,mean_revert_v1,neutral,long,1679666580000,1679667180000,27851.769240,28006.888501,27786.911304,28012.490999,0.09083406,14.090113,2.029548,1.520752,10.539813,2.478058,11,take_profit,"mean_revert_v1 ext_atr=-2.48, wick=0.59, close_location=0.83, vol=1.22, atr_bps=23.3",extension_ok|rejection_ok|trend_block_ok|expected_edge_ok,,44.706122,41.661161
TRD-SIG-BT-00000120,SIG-BT-00000120,BTCUSDT,mean_revert_v1,neutral,long,1679669340000,1679669460000,28027.004280,27961.052279,27966.645609,28099.996347,0.09786696,-6.454522,2.191752,3.015918,-11.662192,1.209305,3,stop_loss,"mean_revert_v1 ext_atr=-1.21, wick=0.45, close_location=0.62, vol=1.24, atr_bps=21.5",extension_ok|rejection_ok|trend_block_ok|expected_edge_ok,,13.043478,-42.517471
TRD-SIG-BT-00000121,SIG-BT-00000121,BTCUSDT,mean_revert_v1,neutral,long,1679673360000,1679673420000,28025.604000,27983.618004,27989.215847,28080.949534,0.16185560,-6.795669,3.626162,4.988352,-15.410183,1.520977,2,stop_loss,"mean_revert_v1 ext_atr=-1.52, wick=0.88, close_location=1.00, vol=1.06, atr_bps=13.0",extension_ok|rejection_ok|trend_block_ok|expected_edge_ok,,6.748204,-33.972310
TRD-SIG-BT-00000122,SIG-BT-00000122,BTCUSDT,mean_revert_v1,neutral,long,1679679180000,1679679240000,27773.553600,27707.423189,27712.965782,27951.118334,0.09682658,-6.403181,2.148813,2.956859,-11.508854,2.930700,2,stop_loss,"mean_revert_v1 ext_atr=-2.93, wick=0.50, close_location=0.67, vol=1.31, atr_bps=21.8",extension_ok|rejection_ok|trend_block_ok|expected_edge_ok,,50.933026,-42.796282
TRD-SIG-BT-00000123,SIG-BT-00000123,BTCUSDT,mean_revert_v1,bullish,long,1679869620000,1679869620000,28014.901860,27973.852311,27979.448200,28068.624161,0.16498290,-6.772474,3.694875,5.082823,-15.550172,1.515282,1,stop_loss,"mean_revert_v1 ext_atr=-1.52, wick=0.58, close_location=0.58, vol=1.27, atr_bps=12.7",extension_ok|rejection_ok|trend_block_ok|expected_edge_ok,,6.176330,-33.643963
TRD-SIG-BT-00000124,SIG-BT-00000124,BTCUSDT,mean_revert_v1,bullish,long,1679873040000,1679873280000,28064.411760,28028.497259,28034.104080,28118.418543,0.19222595,-6.903699,4.313005,5.932798,-17.149502,1.781950,5,stop_loss,"mean_revert_v1 ext_atr=-1.78, wick=0.65, close_location=0.65, vol=1.50, atr_bps=10.8",extension_ok|rejection_ok|trend_block_ok|expected_edge_ok,,6.243868,-31.789490
TRD-SIG-BT-00000125,SIG-BT-00000125,BTCUSDT,mean_revert_v1,neutral,long,1679924820000,1679924820000,27835.566000,27791.648678,27797.208120,27963.574622,0.15121269,-6.640856,3.364616,4.628671,-14.634144,3.337218,1,stop_loss,"mean_revert_v1 ext_atr=-3.34, wick=0.69, close_location=1.00, vol=1.29, atr_bps=13.8",extension_ok|rejection_ok|trend_block_ok|expected_edge_ok,,32.987433,-34.767946
TRD-SIG-BT-00000126,SIG-BT-00000126,BTCUSDT,mean_revert_v1,bullish,long,1680073500000,1680073500000,28025.804040,27983.076746,27988.674481,28103.580669,0.15562391,-6.649388,3.486528,4.796304,-14.932220,2.094736,1,stop_loss,"mean_revert_v1 ext_atr=-2.09, wick=0.82, close_location=0.82, vol=1.91, atr_bps=13.3",extension_ok|rejection_ok|trend_block_ok|expected_edge_ok,,14.751792,-34.236550
TRD-SIG-BT-00000127,SIG-BT-00000127,BTCUSDT,mean_revert_v1,bullish,short,1680110640000,1680111600000,28301.238620,28212.505679,28330.616334,28206.864306,0.19592568,17.385062,4.428998,3.323487,9.632577,3.212446,17,take_profit,"mean_revert_v1 ext_atr=3.21, wick=0.67, close_location=0.67, vol=1.78, atr_bps=10.4",extension_ok|rejection_ok|trend_block_ok|expected_edge_ok,,20.346354,17.371834
TRD-SIG-BT-00000128,SIG-BT-00000128,BTCUSDT,mean_revert_v1,bullish,short,1680114900000,1680115320000,28274.244020,28302.635549,28296.976154,28199.543505,0.25383880,-7.206872,5.744563,7.896251,-20.847686,3.286120,8,stop_loss,"mean_revert_v1 ext_atr=3.29, wick=0.37, close_location=0.99, vol=1.24, atr_bps=8.0",extension_ok|rejection_ok|trend_block_ok|expected_edge_ok,,13.419987,-29.047506
TRD-SIG-BT-00000129,SIG-BT-00000129,BTCUSDT,mean_revert_v1,neutral,short,1680139380000,1680139440000,28314.435980,28348.132480,28342.463987,28227.416863,0.20476040,-6.899709,4.640900,6.378823,-17.919431,3.104720,2,stop_loss,"mean_revert_v1 ext_atr=3.10, wick=0.65, close_location=0.65, vol=1.10, atr_bps=9.9",extension_ok|rejection_ok|trend_block_ok|expected_edge_ok,,17.733128,-30.907960
TRD-SIG-BT-00000130,SIG-BT-00000130,BTCUSDT,mean_revert_v1,bullish,long,1680145920000,1680146160000,28272.953460,28447.899614,28163.295107,28453.590332,0.05209039,9.113014,1.181845,0.885473,7.045697,1.647270,5,take_profit,"mean_revert_v1 ext_atr=-1.65, wick=0.71, close_location=0.71, vol=3.61, atr_bps=38.8",extension_ok|rejection_ok|trend_block_ok|expected_edge_ok,,50.890344,47.840437
TRD-SIG-BT-00000131,SIG-BT-00000131,BTCUSDT,mean_revert_v1,bullish,short,1680148560000,1680148560000,28447.809300,28493.981461,28488.283804,28325.700530,0.14139062,-6.528311,3.220414,4.425784,-14.174509,3.016931,1,stop_loss,"mean_revert_v1 ext_atr=3.02, wick=0.38, close_location=0.94, vol=1.37, atr_bps=14.2",extension_ok|rejection_ok|trend_block_ok|expected_edge_ok,,29.923787,-35.240218
TRD-SIG-BT-00000132,SIG-BT-00000132,BTCUSDT,mean_revert_v1,neutral,short,1680186120000,1680186600000,28386.421580,28439.398765,28433.712023,28276.321659,0.12056249,-6.387061,2.740425,3.765849,-12.893335,2.328164,9,stop_loss,"mean_revert_v1 ext_atr=2.33, wick=0.59, close_location=0.59, vol=1.30, atr_bps=16.7",extension_ok|rejection_ok|trend_block_ok|expected_edge_ok,,25.786122,-37.674059
TRD-SIG-BT-00000133,SIG-BT-00000133,BTCUSDT,mean_revert_v1,neutral,short,1680186960000,1680187020000,28343.530160,28394.573317,28388.895538,28275.001656,0.12525220,-6.393268,2.842629,3.906377,-13.142274,1.510590,2,stop_loss,"mean_revert_v1 ext_atr=1.51, wick=0.45, close_location=0.82, vol=1.56, atr_bps=16.0",extension_ok|rejection_ok|trend_block_ok|expected_edge_ok,,11.177830,-37.019556
TRD-SIG-BT-00000134,SIG-BT-00000134,BTCUSDT,mean_revert_v1,neutral,long,1680193200000,1680193200000,28113.221520,28057.831006,28063.443695,28183.490293,0.11375347,-6.300863,2.555861,3.516514,-12.373238,1.411648,1,stop_loss,"mean_revert_v1 ext_atr=-1.41, wick=0.73, close_location=0.73, vol=5.20, atr_bps=17.7",extension_ok|rejection_ok|trend_block_ok|expected_edge_ok,,11.994920,-38.690834
TRD-SIG-BT-00000135,SIG-BT-00000135,BTCUSDT,mean_revert_v1,neutral,long,1680197400000,1680197400000,28097.318340,28062.862279,28068.475974,28172.060255,0.19567883,-6.742322,4.395743,6.046507,-17.184572,2.591393,1,stop_loss,"mean_revert_v1 ext_atr=-2.59, wick=0.58, close_location=0.58, vol=2.49, atr_bps=10.3",extension_ok|rejection_ok|trend_block_ok|expected_edge_ok,,13.601085,-31.255756
TRD-SIG-BT-00000136,SIG-BT-00000136,BTCUSDT,mean_revert_v1,neutral,short,1680224160000,1680224940000,28272.544360,28316.443169,28310.781013,28152.287599,0.14692875,-6.449997,3.325820,4.570744,-14.346561,3.145065,14,stop_loss,"mean_revert_v1 ext_atr=3.15, wick=0.58, close_location=0.58, vol=4.10, atr_bps=13.5",extension_ok|rejection_ok|trend_block_ok|expected_edge_ok,,29.534821,-34.536326
TRD-SIG-BT-00000137,SIG-BT-00000137,BTCUSDT,mean_revert_v1,neutral,short,1680269100000,1680269460000,28275.543760,28324.447550,28318.783793,28174.080420,0.12942968,-6.329602,2.930288,4.026930,-13.286819,2.346514,7,stop_loss,"mean_revert_v1 ext_atr=2.35, wick=0.75, close_location=0.75, vol=2.23, atr_bps=15.3",extension_ok|rejection_ok|trend_block_ok|expected_edge_ok,,22.883780,-36.305814
TRD-SIG-BT-00000138,SIG-BT-00000138,BTCUSDT,mean_revert_v1,neutral,short,1680269520000,1680269580000,28277.843300,28326.544653,28320.880477,28193.579881,0.12957666,-6.310558,2.933843,4.031825,-13.276226,1.957922,2,stop_loss,"mean_revert_v1 ext_atr=1.96, wick=0.83, close_location=0.86, vol=1.43, atr_bps=15.2",extension_ok|rejection_ok|trend_block_ok|expected_edge_ok,,16.798390,-36.232775
TRD-SIG-BT-00000139,SIG-BT-00000139,BTCUSDT,mean_revert_v1,neutral,short,1680361560000,1680361680000,28295.039860,28330.516877,28324.851907,28235.404996,0.18639106,-6.612599,4.221799,5.802659,-16.637057,2.000361,3,stop_loss,"mean_revert_v1 ext_atr=2.00, wick=0.71, close_location=0.71, vol=1.38, atr_bps=10.5",extension_ok|rejection_ok|trend_block_ok|expected_edge_ok,,8.076084,-31.545769
TRD-SIG-BT-00000140,SIG-BT-00000140,BTCUSDT,mean_revert_v1,neutral,short,1680509940000,1680509940000,28310.436780,28367.696959,28362.024554,28131.131447,0.10722974,-6.139994,2.431033,3.340521,-11.911547,3.475733,1,stop_loss,"mean_revert_v1 ext_atr=3.48, wick=0.65, close_location=0.65, vol=2.90, atr_bps=18.2",extension_ok|rejection_ok|trend_block_ok|expected_edge_ok,,50.335417,-39.237955
TRD-SIG-BT-00000141,SIG-BT-00000141,BTCUSDT,mean_revert_v1,neutral,short,1680510840000,1680512580000,28377.023460,28321.463160,28430.790041,28227.652529,0.10255211,5.697826,2.325820,1.744935,1.627071,2.778137,30,time_exit,"mean_revert_v1 ext_atr=2.78, wick=0.66, close_location=0.84, vol=1.70, atr_bps=18.9",extension_ok|rejection_ok|trend_block_ok|expected_edge_ok,,39.637984,5.591073
TRD-SIG-BT-00000142,SIG-BT-00000142,BTCUSDT,mean_revert_v1,neutral,short,1680513960000,1680513960000,28309.436980,28340.488232,28334.821267,28239.272403,0.21731226,-6.747818,4.924289,6.768536,-18.440643,2.764095,1,stop_loss,"mean_revert_v1 ext_atr=2.76, wick=0.88, close_location=0.97, vol=1.17, atr_bps=9.0",extension_ok|rejection_ok|trend_block_ok|expected_edge_ok,,11.784872,-29.975097
TRD-SIG-BT-00000143,SIG-BT-00000143,BTCUSDT,mean_revert_v1,neutral,short,1680514560000,1680514620000,28299.838900,28332.771702,28327.106281,28238.105644,0.20129017,-6.629049,4.559835,6.267453,-17.456338,2.263997,2,stop_loss,"mean_revert_v1 ext_atr=2.26, wick=0.75, close_location=0.75, vol=1.64, atr_bps=9.6",extension_ok|rejection_ok|trend_block_ok|expected_edge_ok,,8.813996,-30.644081
TRD-SIG-BT-00000144,SIG-BT-00000144,BTCUSDT,mean_revert_v1,bearish,long,1680536220000,1680536640000,28051.009080,28020.850792,28026.456083,28111.244218,0.22247676,-6.709518,4.989874,6.863425,-18.562818,2.453270,8,stop_loss,"mean_revert_v1 ext_atr=-2.45, wick=0.77, close_location=0.77, vol=1.06, atr_bps=8.8",extension_ok|rejection_ok|trend_block_ok|expected_edge_ok,,8.473430,-29.744780
TRD-SIG-BT-00000145,SIG-BT-00000145,BTCUSDT,mean_revert_v1,neutral,short,1680547080000,1680547260000,28181.962480,28126.446533,28221.871688,28120.822369,0.13617477,7.559871,3.067114,2.301092,2.191666,1.531980,4,take_profit,"mean_revert_v1 ext_atr=1.53, wick=0.70, close_location=0.94, vol=1.29, atr_bps=14.2",extension_ok|rejection_ok|trend_block_ok|expected_edge_ok,,8.694767,5.710925
TRD-SIG-BT-00000146,SIG-BT-00000146,BTCUSDT,mean_revert_v1,neutral,short,1680603540000,1680603660000,28280.342800,28323.115961,28317.452470,28185.033345,0.14653632,-6.267822,3.317785,4.559761,-14.145367,2.568319,3,stop_loss,"mean_revert_v1 ext_atr=2.57, wick=0.80, close_location=0.97, vol=1.46, atr_bps=13.1",extension_ok|rejection_ok|trend_block_ok|expected_edge_ok,,20.701662,-34.133771
TRD-SIG-BT-00000147,SIG-BT-00000147,BTCUSDT,mean_revert_v1,neutral,short,1680606660000,1680606660000,28315.435780,28359.670072,28353.999272,28209.314857,0.14046177,-6.213227,3.184274,4.376202,-13.773704,2.751849,1,stop_loss,"mean_revert_v1 ext_atr=2.75, wick=0.63, close_location=0.94, vol=2.07, atr_bps=13.6",extension_ok|rejection_ok|trend_block_ok|expected_edge_ok,,24.478118,-34.631344
TRD-SIG-BT-00000148,SIG-BT-00000148,BTCUSDT,mean_revert_v1,neutral,short,1680609360000,1680609780000,28279.442980,28313.216669,28307.555158,28207.407999,0.19194656,-6.482744,4.345107,5.972252,-16.800103,2.562412,8,stop_loss,"mean_revert_v1 ext_atr=2.56, wick=0.48, close_location=0.63, vol=1.40, atr_bps=9.9",extension_ok|rejection_ok|trend_block_ok|expected_edge_ok,,12.472560,-30.950007
TRD-SIG-BT-00000149,SIG-BT-00000149,BTCUSDT,mean_revert_v1,neutral,short,1680610860000,1680610920000,28284.142040,28313.281629,28307.620105,28207.162522,0.22875974,-6.665965,5.178885,7.118633,-18.963482,3.278785,2,stop_loss,"mean_revert_v1 ext_atr=3.28, wick=0.76, close_location=0.76, vol=1.20, atr_bps=8.3",extension_ok|rejection_ok|trend_block_ok|expected_edge_ok,,14.216494,-29.308629
TRD-SIG-BT-00000150,SIG-BT-00000150,BTCUSDT,mean_revert_v1,bullish,long,1680616800000,1680616860000,28105.720020,28159.948632,28063.707939,28165.581749,0.12716320,6.895884,2.861969,2.145787,1.888127,1.424869,2,take_profit,"mean_revert_v1 ext_atr=-1.42, wick=0.60, close_location=0.60, vol=1.14, atr_bps=15.0",extension_ok|rejection_ok|trend_block_ok|expected_edge_ok,,8.298771,5.282933
TRD-SIG-BT-00000151,SIG-BT-00000151,BTCUSDT,mean_revert_v1,bullish,long,1680620640000,1680620940000,28099.618800,28069.123218,28074.738166,28156.520077,0.21483467,-6.551508,4.826797,6.639139,-18.017444,2.286970,6,stop_loss,"mean_revert_v1 ext_atr=-2.29, wick=0.88, close_location=0.88, vol=2.80, atr_bps=8.9",extension_ok|rejection_ok|trend_block_ok|expected_edge_ok,,7.249839,-29.846156
TRD-SIG-BT-00000152,SIG-BT-00000152,BTCUSDT,mean_revert_v1,bullish,long,1680621060000,1680621060000,28074.413760,28043.041817,28048.651547,28144.876851,0.20643400,-6.476236,4.633820,6.373769,-17.483825,2.735133,1,stop_loss,"mean_revert_v1 ext_atr=-2.74, wick=0.93, close_location=0.93, vol=2.37, atr_bps=9.2",extension_ok|rejection_ok|trend_block_ok|expected_edge_ok,,12.098686,-30.167863
TRD-SIG-BT-00000153,SIG-BT-00000153,BTCUSDT,mean_revert_v1,neutral,short,1680654420000,1680654600000,28217.355400,28246.219336,28240.571221,28159.909949,0.22794675,-6.579440,5.148275,7.076575,-18.804291,2.474410,4,stop_loss,"mean_revert_v1 ext_atr=2.47, wick=0.79, close_location=0.79, vol=1.12, atr_bps=8.2",extension_ok|rejection_ok|trend_block_ok|expected_edge_ok,,7.358198,-29.235280
TRD-SIG-BT-00000154,SIG-BT-00000154,BTCUSDT,mean_revert_v1,bullish,short,1680701640000,1680701760000,28398.819100,28325.960141,28432.754359,28320.296082,0.15511196,11.301296,3.519477,2.640738,5.141081,2.313907,3,take_profit,"mean_revert_v1 ext_atr=2.31, wick=0.44, close_location=0.74, vol=3.67, atr_bps=11.9",extension_ok|rejection_ok|trend_block_ok|expected_edge_ok,,14.650100,11.671022
TRD-SIG-BT-00000155,SIG-BT-00000155,BTCUSDT,mean_revert_v1,neutral,long,1680703980000,1680705060000,28132.725420,28220.157014,28084.816343,28225.802175,0.11003084,9.620172,2.480222,1.859205,5.280745,1.942779,19,take_profit,"mean_revert_v1 ext_atr=-1.94, wick=0.63, close_location=0.64, vol=2.58, atr_bps=17.0",extension_ok|rejection_ok|trend_block_ok|expected_edge_ok,,20.084869,17.059604
TRD-SIG-BT-00000156,SIG-BT-00000156,BTCUSDT,mean_revert_v1,neutral,long,1680706920000,1680706920000,28035.606000,27992.913075,27998.512778,28145.817743,0.14232781,-6.076391,3.189767,4.388056,-13.654213,2.971210,1,stop_loss,"mean_revert_v1 ext_atr=-2.97, wick=0.39, close_location=0.87, vol=2.08, atr_bps=13.2",extension_ok|rejection_ok|trend_block_ok|expected_edge_ok,,26.311347,-34.218971
TRD-SIG-BT-00000157,SIG-BT-00000157,BTCUSDT,mean_revert_v1,neutral,long,1680710520000,1680710760000,28014.001680,27976.476384,27982.072799,28112.395543,0.16470718,-6.180686,3.688813,5.074282,-14.943781,3.081657,5,stop_loss,"mean_revert_v1 ext_atr=-3.08, wick=0.46, close_location=0.94, vol=2.00, atr_bps=11.4",extension_ok|rejection_ok|trend_block_ok|expected_edge_ok,,22.123102,-32.387155
TRD-SIG-BT-00000158,SIG-BT-00000158,BTCUSDT,mean_revert_v1,neutral,long,1680712920000,1680712980000,27972.893460,27933.674899,27939.262752,28057.055663,0.15570592,-6.106562,3.481993,4.789878,-14.378433,2.502540,2,stop_loss,"mean_revert_v1 ext_atr=-2.50, wick=0.96, close_location=0.96, vol=1.14, atr_bps=12.0",extension_ok|rejection_ok|trend_block_ok|expected_edge_ok,,17.087057,-33.011789
TRD-SIG-BT-00000159,SIG-BT-00000159,BTCUSDT,mean_revert_v1,neutral,long,1680714840000,1680715860000,27984.295740,28064.100784,27959.418620,28069.714726,0.20962766,16.729345,4.699718,3.523116,8.506511,3.433636,18,take_profit,"mean_revert_v1 ext_atr=-3.43, wick=0.74, close_location=0.74, vol=1.25, atr_bps=8.9",extension_ok|rejection_ok|trend_block_ok|expected_edge_ok,,17.523901,14.500684
TRD-SIG-BT-00000160,SIG-BT-00000160,BTCUSDT,mean_revert_v1,bearish,long,1680784320000,1680784320000,27979.694820,27940.420396,27946.009598,28058.220153,0.15519246,-6.095094,3.471352,4.775242,-14.341688,2.331151,1,stop_loss,"mean_revert_v1 ext_atr=-2.33, wick=0.63, close_location=0.95, vol=2.41, atr_bps=12.0",extension_ok|rejection_ok|trend_block_ok|expected_edge_ok,,15.065114,-33.028337
TRD-SIG-BT-00000161,SIG-BT-00000161,BTCUSDT,mean_revert_v1,bearish,long,1680870780000,1680870780000,27934.085700,27894.645077,27900.225122,28026.765457,0.15375342,-6.064131,3.433543,4.723244,-14.220919,2.737099,1,stop_loss,"mean_revert_v1 ext_atr=-2.74, wick=0.66, close_location=0.66, vol=2.10, atr_bps=12.1",extension_ok|rejection_ok|trend_block_ok|expected_edge_ok,,20.178017,-33.110703
TRD-SIG-BT-00000162,SIG-BT-00000162,BTCUSDT,mean_revert_v1,neutral,short,1681067940000,1681067940000,28166.565560,28208.674984,28203.034377,28100.334182,0.14217210,-5.986785,3.205995,4.406147,-13.598927,1.816110,1,stop_loss,"mean_revert_v1 ext_atr=1.82, wick=0.39, close_location=0.91, vol=2.16, atr_bps=12.9",extension_ok|rejection_ok|trend_block_ok|expected_edge_ok,,10.514183,-33.959115
TRD-SIG-BT-00000163,SIG-BT-00000163,BTCUSDT,mean_revert_v1,neutral,long,1681069140000,1681070880000,28107.620400,28104.477980,28073.068992,28163.292898,0.14947148,-0.469702,3.360842,2.520679,-6.351223,1.611295,30,time_exit,"mean_revert_v1 ext_atr=-1.61, wick=0.50, close_location=0.78, vol=1.19, atr_bps=12.3",extension_ok|rejection_ok|trend_block_ok|expected_edge_ok,,6.806905,-15.117325
TRD-SIG-BT-00000164,SIG-BT-00000164,BTCUSDT,mean_revert_v1,neutral,short,1681892040000,1681892040000,29382.822260,29500.983772,29495.084755,29005.953778,0.04591848,-5.425797,1.081542,1.485221,-7.992560,3.357029,1,stop_loss,"mean_revert_v1 ext_atr=3.36, wick=0.36, close_location=0.94, vol=1.66, atr_bps=38.2",extension_ok|rejection_ok|trend_block_ok|expected_edge_ok,,115.261499,-59.238614
TRD-SIG-BT-00000165,SIG-BT-00000165,BTCUSDT,mean_revert_v1,neutral,short,1681892640000,1681892760000,29134.072020,29272.937890,29267.084473,28854.186285,0.03866506,-5.369257,0.903324,1.240191,-7.512773,2.104207,3,stop_loss,"mean_revert_v1 ext_atr=2.10, wick=0.62, close_location=0.62, vol=1.01, atr_bps=45.6",extension_ok|rejection_ok|trend_block_ok|expected_edge_ok,,83.068183,-66.693019
TRD-SIG-BT-00000166,SIG-BT-00000166,BTCUSDT,mean_revert_v1,bearish,short,1681946880000,1681947780000,28693.260200,28767.417557,28761.665224,28494.938486,0.07501884,-5.563199,1.724253,2.368901,-9.656353,2.899227,16,stop_loss,"mean_revert_v1 ext_atr=2.90, wick=0.50, close_location=0.65, vol=1.39, atr_bps=23.8",extension_ok|rejection_ok|trend_block_ok|expected_edge_ok,,56.117874,-44.860376
TRD-SIG-BT-00000167,SIG-BT-00000167,BTCUSDT,mean_revert_v1,bearish,short,1682006520000,1682006580000,28463.406180,28370.186688,28506.466988,28364.513785,0.11883615,11.077846,2.701554,2.027274,6.349018,2.296575,2,take_profit,"mean_revert_v1 ext_atr=2.30, wick=0.41, close_location=0.57, vol=1.27, atr_bps=15.1",extension_ok|rejection_ok|trend_block_ok|expected_edge_ok,,21.743697,18.770294
TRD-SIG-BT-00000168,SIG-BT-00000168,BTCUSDT,mean_revert_v1,bearish,short,1682010480000,1682010660000,28376.323600,28424.483134,28418.799374,28313.672339,0.12069713,-5.812718,2.742278,3.768597,-12.323593,1.474988,4,stop_loss,"mean_revert_v1 ext_atr=1.47, wick=0.42, close_location=0.88, vol=1.04, atr_bps=15.0",extension_ok|rejection_ok|trend_block_ok|expected_edge_ok,,9.078710,-35.981914
TRD-SIG-BT-00000169,SIG-BT-00000169,BTCUSDT,mean_revert_v1,bearish,short,1682016420000,1682017020000,28320.434780,28363.267695,28357.596176,28251.619603,0.13746036,-5.887828,3.116705,4.283408,-13.287941,1.851792,11,stop_loss,"mean_revert_v1 ext_atr=1.85, wick=0.70, close_location=0.70, vol=1.80, atr_bps=13.1",extension_ok|rejection_ok|trend_block_ok|expected_edge_ok,,11.298771,-34.133459
TRD-SIG-BT-00000170,SIG-BT-00000170,BTCUSDT,mean_revert_v1,bearish,short,1682023140000,1682023920000,28251.948480,28193.663953,28287.138177,28188.026348,0.14459593,8.427705,3.264722,2.449385,2.713598,1.816501,14,take_profit,"mean_revert_v1 ext_atr=1.82, wick=0.41, close_location=0.77, vol=1.05, atr_bps=12.5",extension_ok|rejection_ok|trend_block_ok|expected_edge_ok,,9.625743,6.642645
TRD-SIG-BT-00000171,SIG-BT-00000171,BTCUSDT,mean_revert_v1,bearish,short,1682025540000,1682025960000,28255.047860,28200.138167,28278.585919,28194.499267,0.21634568,11.879475,4.885534,3.665339,3.328601,2.572370,8,take_profit,"mean_revert_v1 ext_atr=2.57, wick=0.64, close_location=0.64, vol=1.16, atr_bps=8.3",extension_ok|rejection_ok|trend_block_ok|expected_edge_ok,,8.429301,5.445246
TRD-SIG-BT-00000172,SIG-BT-00000172,BTCUSDT,mean_revert_v1,bearish,short,1682038020000,1682038080000,28285.641740,28325.386792,28319.722847,28199.521947,0.14956527,-5.944480,3.386818,4.654793,-13.986091,2.526907,2,stop_loss,"mean_revert_v1 ext_atr=2.53, wick=0.87, close_location=0.87, vol=1.16, atr_bps=12.0",extension_ok|rejection_ok|trend_block_ok|expected_edge_ok,,17.446470,-33.059747
TRD-SIG-BT-00000173,SIG-BT-00000173,BTCUSDT,mean_revert_v1,neutral,short,1682084100000,1682084100000,28267.645340,28297.209558,28291.551248,28187.562486,0.21234797,-6.277902,4.804573,6.604090,-17.686565,3.349919,1,stop_loss,"mean_revert_v1 ext_atr=3.35, wick=0.70, close_location=0.70, vol=2.85, atr_bps=8.5",extension_ok|rejection_ok|trend_block_ok|expected_edge_ok,,15.330217,-29.464952
TRD-SIG-BT-00000174,SIG-BT-00000174,BTCUSDT,mean_revert_v1,neutral,long,1682085120000,1682085360000,28139.026680,28101.622154,28107.243603,28207.831430,0.15888459,-5.943003,3.574309,4.916755,-14.434066,2.164823,5,stop_loss,"mean_revert_v1 ext_atr=-2.16, wick=0.63, close_location=0.67, vol=2.49, atr_bps=11.3",extension_ok|rejection_ok|trend_block_ok|expected_edge_ok,,11.451717,-32.284782
TRD-SIG-BT-00000175,SIG-BT-00000175,BTCUSDT,mean_revert_v1,bearish,long,1682297700000,1682297700000,27779.554800,27737.269312,27742.817876,27869.443911,0.13687020,-5.787623,3.039440,4.181255,-13.008317,2.446833,1,stop_loss,"mean_revert_v1 ext_atr=-2.45, wick=0.64, close_location=0.64, vol=2.57, atr_bps=13.2",extension_ok|rejection_ok|trend_block_ok|expected_edge_ok,,19.358010,-34.212668
TRD-SIG-BT-00000176,SIG-BT-00000176,BTCUSDT,mean_revert_v1,neutral,long,1682455140000,1682455140000,27991.097100,28042.220169,27954.888604,28047.829735,0.13832880,7.071793,3.100409,2.324600,1.646785,1.566832,1,take_profit,"mean_revert_v1 ext_atr=-1.57, wick=0.44, close_location=0.90, vol=2.48, atr_bps=12.9",extension_ok|rejection_ok|trend_block_ok|expected_edge_ok,,7.268100,4.253087
TRD-SIG-BT-00000177,SIG-BT-00000177,BTCUSDT,mean_revert_v1,neutral,short,1682537760000,1682537820000,28790.940660,28662.468584,28884.508504,28656.737237,0.05355630,6.880489,1.230797,0.923786,4.725907,1.434290,2,take_profit,"mean_revert_v1 ext_atr=1.43, wick=0.69, close_location=0.88, vol=1.59, atr_bps=32.5",extension_ok|rejection_ok|trend_block_ok|expected_edge_ok,,33.613073,30.649168
TRD-SIG-BT-00000178,SIG-BT-00000178,BTCUSDT,mean_revert_v1,neutral,long,1682538360000,1682538420000,28265.551980,28117.279821,28122.904402,28437.296915,0.03517926,-5.216105,0.793403,1.092754,-7.102262,1.203981,2,stop_loss,"mean_revert_v1 ext_atr=-1.20, wick=0.93, close_location=0.93, vol=1.08, atr_bps=50.5",extension_ok|rejection_ok|trend_block_ok|expected_edge_ok,,47.761218,-71.425366
TRD-SIG-BT-00000179,SIG-BT-00000179,BTCUSDT,mean_revert_v1,neutral,short,1682542740000,1682542740000,28264.945880,28374.793432,28369.119608,28119.569701,0.04806954,-5.280321,1.089059,1.495607,-7.864987,1.395517,1,stop_loss,"mean_revert_v1 ext_atr=1.40, wick=0.57, close_location=0.57, vol=1.50, atr_bps=36.8",extension_ok|rejection_ok|trend_block_ok|expected_edge_ok,,38.433383,-57.886845
TRD-SIG-BT-00000180,SIG-BT-00000180,BTCUSDT,mean_revert_v1,neutral,short,1682551020000,1682551860000,28367.925280,28409.897490,28404.216647,28259.261403,0.13765769,-5.777798,3.126362,4.296725,-13.200884,2.994207,15,stop_loss,"mean_revert_v1 ext_atr=2.99, wick=0.67, close_location=1.00, vol=1.65, atr_bps=12.8",extension_ok|rejection_ok|trend_block_ok|expected_edge_ok,,25.305190,-33.804534
TRD-SIG-BT-00000181,SIG-BT-00000181,BTCUSDT,mean_revert_v1,bullish,short,1682558820000,1682558820000,28671.564540,28759.992151,28754.241302,28571.724394,0.06018601,-5.322105,1.382631,1.899254,-8.603990,1.207596,1,stop_loss,"mean_revert_v1 ext_atr=1.21, wick=0.50, close_location=0.79, vol=1.37, atr_bps=28.8",extension_ok|rejection_ok|trend_block_ok|expected_edge_ok,,21.822008,-49.860075
TRD-SIG-BT-00000182,SIG-BT-00000182,BTCUSDT,mean_revert_v1,bullish,short,1682578500000,1682578500000,28659.766900,28719.110960,28713.368287,28542.423595,0.09259235,-5.494806,2.125138,2.920142,-10.540086,2.189184,1,stop_loss,"mean_revert_v1 ext_atr=2.19, wick=0.65, close_location=0.90, vol=2.07, atr_bps=18.7",extension_ok|rejection_ok|trend_block_ok|expected_edge_ok,,27.943566,-39.718823
TRD-SIG-BT-00000183,SIG-BT-00000183,BTCUSDT,mean_revert_v1,bearish,short,1682949480000,1682949600000,28430.512760,28342.986586,28458.479430,28337.319122,0.17689873,15.483269,4.017264,3.014497,8.451508,3.332311,3,take_profit,"mean_revert_v1 ext_atr=3.33, wick=0.90, close_location=0.99, vol=1.35, atr_bps=9.8",extension_ok|rejection_ok|trend_block_ok|expected_edge_ok,,19.779443,16.804469
TRD-SIG-BT-00000184,SIG-BT-00000184,BTCUSDT,mean_revert_v1,bearish,short,1682953800000,1682954160000,28392.520360,28309.567326,28417.990926,28303.906545,0.19473245,16.153647,4.416695,3.314137,8.422816,3.479067,7,take_profit,"mean_revert_v1 ext_atr=3.48, wick=0.65, close_location=0.94, vol=1.10, atr_bps=9.0",extension_ok|rejection_ok|trend_block_ok|expected_edge_ok,,18.210267,15.234038
TRD-SIG-BT-00000185,SIG-BT-00000185,BTCUSDT,mean_revert_v1,bearish,long,1682982120000,1682982300000,28030.104900,28094.475326,28006.887755,28100.095345,0.21417706,13.786669,4.808239,3.604801,5.373628,3.014602,4,take_profit,"mean_revert_v1 ext_atr=-3.01, wick=0.43, close_location=0.99, vol=1.14, atr_bps=8.3",extension_ok|rejection_ok|trend_block_ok|expected_edge_ok,,11.969741,8.950967
TRD-SIG-BT-00000186,SIG-BT-00000186,BTCUSDT,mean_revert_v1,neutral,short,1683040320000,1683040500000,28428.313200,28490.702674,28485.005673,28271.322073,0.08785364,-5.481143,2.000217,2.748380,-10.229740,2.769171,4,stop_loss,"mean_revert_v1 ext_atr=2.77, wick=0.57, close_location=0.57, vol=1.19, atr_bps=19.9",extension_ok|rejection_ok|trend_block_ok|expected_edge_ok,,42.223511,-40.959412
TRD-SIG-BT-00000187,SIG-BT-00000187,BTCUSDT,mean_revert_v1,neutral,long,1683119340000,1683119580000,28167.432360,28228.415569,28124.863803,28234.062382,0.11664233,7.113224,2.631257,1.972732,2.509234,1.565240,5,take_profit,"mean_revert_v1 ext_atr=-1.57, wick=0.70, close_location=0.70, vol=1.63, atr_bps=15.1",extension_ok|rejection_ok|trend_block_ok|expected_edge_ok,,10.654986,7.637264
TRD-SIG-BT-00000188,SIG-BT-00000188,BTCUSDT,mean_revert_v1,neutral,short,1683121020000,1683121380000,28301.938480,28343.188540,28337.521036,28220.497388,0.13964875,-5.760519,3.164168,4.348715,-13.273403,2.288793,7,stop_loss,"mean_revert_v1 ext_atr=2.29, wick=0.50, close_location=0.92, vol=1.02, atr_bps=12.6",extension_ok|rejection_ok|trend_block_ok|expected_edge_ok,,15.775800,-33.583739
TRD-SIG-BT-00000189,SIG-BT-00000189,BTCUSDT,mean_revert_v1,bearish,short,1683128460000,1683129120000,28290.040860,28318.767210,28313.104589,28212.893773,0.21458583,-6.164268,4.858979,6.678939,-17.702186,3.344953,12,stop_loss,"mean_revert_v1 ext_atr=3.34, wick=0.80, close_location=0.97, vol=1.98, atr_bps=8.2",extension_ok|rejection_ok|trend_block_ok|expected_edge_ok,,14.270051,-29.160319
TRD-SIG-BT-00000190,SIG-BT-00000190,BTCUSDT,mean_revert_v1,neutral,short,1683136860000,1683136920000,28578.583140,28657.110486,28651.380210,28379.352473,0.06762080,-5.310082,1.548129,2.126819,-8.985031,2.736795,2,stop_loss,"mean_revert_v1 ext_atr=2.74, wick=0.74, close_location=0.74, vol=6.18, atr_bps=25.5",extension_ok|rejection_ok|trend_block_ok|expected_edge_ok,,56.713276,-46.494176
TRD-SIG-BT-00000191,SIG-BT-00000191,BTCUSDT,mean_revert_v1,neutral,short,1683138660000,1683138840000,28487.201420,28544.689705,28538.981908,28370.693416,0.09480634,-5.450254,2.162794,2.971934,-10.584982,2.250037,4,stop_loss,"mean_revert_v1 ext_atr=2.25, wick=0.46, close_location=0.70, vol=1.62, atr_bps=18.2",extension_ok|rejection_ok|trend_block_ok|expected_edge_ok,,27.898368,-39.192498
TRD-SIG-BT-00000192,SIG-BT-00000192,BTCUSDT,mean_revert_v1,bearish,short,1683143580000,1683143700000,28326.833500,28366.942641,28361.270387,28254.139578,0.14209302,-5.699229,3.222316,4.428689,-13.350234,2.110932,3,stop_loss,"mean_revert_v1 ext_atr=2.11, wick=0.58, close_location=0.99, vol=1.35, atr_bps=12.2",extension_ok|rejection_ok|trend_block_ok|expected_edge_ok,,12.662565,-33.167911
TRD-SIG-BT-00000193,SIG-BT-00000193,BTCUSDT,mean_revert_v1,bearish,short,1683503460000,1683503640000,28537.391380,28427.555381,28571.085684,28421.871007,0.14463025,15.885608,3.295542,2.473246,10.116821,3.428484,4,take_profit,"mean_revert_v1 ext_atr=3.43, wick=0.46, close_location=0.92, vol=1.13, atr_bps=11.8",extension_ok|rejection_ok|trend_block_ok|expected_edge_ok,,27.480355,24.511542
TRD-SIG-BT-00000194,SIG-BT-00000194,BTCUSDT,mean_revert_v1,bearish,long,1683558360000,1683558360000,27953.689620,27907.978412,27913.561124,28066.230087,0.12181844,-5.568468,2.721993,3.744689,-12.035150,2.804502,1,stop_loss,"mean_revert_v1 ext_atr=-2.80, wick=0.58, close_location=0.58, vol=2.11, atr_bps=14.4",extension_ok|rejection_ok|trend_block_ok|expected_edge_ok,,27.259611,-35.342666
TRD-SIG-BT-00000195,SIG-BT-00000195,BTCUSDT,mean_revert_v1,neutral,long,1683729840000,1683729840000,28129.824840,28098.905395,28104.526300,28184.045308,0.19251460,-5.952445,4.329941,5.955752,-16.238137,2.143225,1,stop_loss,"mean_revert_v1 ext_atr=-2.14, wick=0.38, close_location=0.62, vol=1.11, atr_bps=9.0",extension_ok|rejection_ok|trend_block_ok|expected_edge_ok,,6.275082,-29.985100
TRD-SIG-BT-00000196,SIG-BT-00000196,BTCUSDT,mean_revert_v1,bearish,long,1683750240000,1683750240000,27888.576600,27841.255641,27846.825006,27991.250471,0.11606697,-5.492400,2.587357,3.559538,-11.639296,2.459160,1,stop_loss,"mean_revert_v1 ext_atr=-2.46, wick=0.71, close_location=0.71, vol=1.51, atr_bps=15.0",extension_ok|rejection_ok|trend_block_ok|expected_edge_ok,,23.815744,-35.957683
TRD-SIG-BT-00000197,SIG-BT-00000197,BTCUSDT,mean_revert_v1,bullish,long,1687291200000,1687291260000,27979.294740,28035.070279,27948.427121,28040.678415,0.15642678,8.724788,3.504859,2.627772,2.592157,1.988611,2,take_profit,"mean_revert_v1 ext_atr=-1.99, wick=0.40, close_location=1.00, vol=1.13, atr_bps=11.0",extension_ok|rejection_ok|trend_block_ok|expected_edge_ok,,8.938964,5.922615
TRD-SIG-BT-00000198,SIG-BT-00000198,BTCUSDT,mean_revert_v1,neutral,long,1693319340000,1693319700000,27012.301380,27387.935771,26882.953972,27393.414454,0.03735993,14.033675,0.812956,0.608314,12.612406,2.946430,7,take_profit,"mean_revert_v1 ext_atr=-2.95, wick=0.76, close_location=0.76, vol=1.01, atr_bps=47.9",extension_ok|rejection_ok|trend_block_ok|expected_edge_ok,,128.088709,124.977049
TRD-SIG-BT-00000199,SIG-BT-00000199,BTCUSDT,mean_revert_v1,bullish,long,1693330440000,1693330560000,27975.594000,27929.635615,27935.222660,28067.803912,0.12016765,-5.522711,2.687200,3.696833,-11.906744,2.284044,3,stop_loss,"mean_revert_v1 ext_atr=-2.28, wick=0.63, close_location=1.00, vol=1.08, atr_bps=14.4",extension_ok|rejection_ok|trend_block_ok|expected_edge_ok,,19.960841,-35.418171
TRD-SIG-BT-00000200,SIG-BT-00000200,BTCUSDT,mean_revert_v1,bullish,long,1693333860000,1693334100000,27962.391360,27926.801784,27932.388262,28057.566111,0.16109899,-5.733445,3.601477,4.954037,-14.288959,3.172164,5,stop_loss,"mean_revert_v1 ext_atr=-3.17, wick=0.42, close_location=0.90, vol=1.78, atr_bps=10.7",extension_ok|rejection_ok|trend_block_ok|expected_edge_ok,,21.036699,-31.720021
TRD-SIG-BT-00000201,SIG-BT-00000201,BTCUSDT,mean_revert_v1,bullish,long,1696201680000,1696201740000,27999.098700,27950.775852,27956.367125,28064.320979,0.11261077,-5.441673,2.520223,3.467211,-11.429108,1.526325,2,stop_loss,"mean_revert_v1 ext_atr=-1.53, wick=0.71, close_location=0.96, vol=1.07, atr_bps=15.3",extension_ok|rejection_ok|trend_block_ok|expected_edge_ok,,10.294421,-36.248360
TRD-SIG-BT-00000202,SIG-BT-00000202,BTCUSDT,mean_revert_v1,bullish,long,1696202280000,1696202400000,27949.588800,27902.278873,27907.860445,28050.657656,0.11490728,-5.436255,2.567115,3.531685,-11.535054,2.422067,3,stop_loss,"mean_revert_v1 ext_atr=-2.42, wick=0.41, close_location=0.75, vol=1.15, atr_bps=14.9",extension_ok|rejection_ok|trend_block_ok|expected_edge_ok,,23.161125,-35.916721
TRD-SIG-BT-00000203,SIG-BT-00000203,BTCUSDT,mean_revert_v1,bullish,short,1696258440000,1696258440000,28277.443380,28310.945685,28305.284628,28214.059042,0.17160111,-5.749033,3.884252,5.338834,-14.972120,2.276634,1,stop_loss,"mean_revert_v1 ext_atr=2.28, wick=0.99, close_location=0.99, vol=1.15, atr_bps=9.8",extension_ok|rejection_ok|trend_block_ok|expected_edge_ok,,9.415159,-30.854822
TRD-SIG-BT-00000204,SIG-BT-00000204,BTCUSDT,mean_revert_v1,bullish,long,1696261920000,1696261980000,28105.519980,28062.752031,28068.365704,28204.062519,0.12798341,-5.473588,2.875443,3.955650,-12.304680,2.652253,2,stop_loss,"mean_revert_v1 ext_atr=-2.65, wick=0.55, close_location=0.55, vol=1.32, atr_bps=13.2",extension_ok|rejection_ok|trend_block_ok|expected_edge_ok,,22.061632,-34.207791
TRD-SIG-BT-00000205,SIG-BT-00000205,BTCUSDT,mean_revert_v1,bullish,long,1696515780000,1696515780000,28017.402360,27976.610184,27982.206625,28087.421375,0.13458091,-5.489848,3.014290,4.146570,-12.650708,1.989418,1,stop_loss,"mean_revert_v1 ext_atr=-1.99, wick=0.57, close_location=0.57, vol=1.81, atr_bps=12.6",extension_ok|rejection_ok|trend_block_ok|expected_edge_ok,,11.991259,-33.550849
TRD-SIG-BT-00000206,SIG-BT-00000206,BTCUSDT,mean_revert_v1,bullish,long,1696606380000,1696606860000,27876.974280,27944.563416,27839.926571,27950.153447,0.12734115,8.606878,2.843352,2.131653,3.631873,1.975268,9,take_profit,"mean_revert_v1 ext_atr=-1.98, wick=0.73, close_location=0.94, vol=1.39, atr_bps=13.3",extension_ok|rejection_ok|trend_block_ok|expected_edge_ok,,13.250757,10.230958
TRD-SIG-BT-00000207,SIG-BT-00000207,BTCUSDT,mean_revert_v1,bullish,long,1696607760000,1696608900000,27900.478980,27852.723026,27858.294685,28047.460323,0.11196455,-5.346974,2.496953,3.435182,-11.279108,3.484267,20,stop_loss,"mean_revert_v1 ext_atr=-3.48, wick=0.56, close_location=0.56, vol=1.24, atr_bps=15.1",extension_ok|rejection_ok|trend_block_ok|expected_edge_ok,,39.680581,-36.106265
TRD-SIG-BT-00000208,SIG-BT-00000208,BTCUSDT,mean_revert_v1,bullish,long,1696613640000,1696613640000,27955.590000,27927.309282,27932.895861,28029.409919,0.20737632,-5.864751,4.635516,6.375887,-16.876155,3.252819,1,stop_loss,"mean_revert_v1 ext_atr=-3.25, wick=0.46, close_location=0.80, vol=1.73, atr_bps=8.1",extension_ok|rejection_ok|trend_block_ok|expected_edge_ok,,13.406139,-29.110232
TRD-SIG-BT-00000209,SIG-BT-00000209,BTCUSDT,mean_revert_v1,bullish,long,1696629840000,1696630260000,28027.204320,28111.985680,27987.956602,28117.609201,0.11926586,10.111522,2.678195,2.007636,5.425690,2.303443,8,take_profit,"mean_revert_v1 ext_atr=-2.30, wick=0.44, close_location=0.57, vol=2.66, atr_bps=14.0",extension_ok|rejection_ok|trend_block_ok|expected_edge_ok,,19.256118,16.231516
TRD-SIG-BT-00000210,SIG-BT-00000210,BTCUSDT,mean_revert_v1,bullish,short,1697490060000,1697490540000,28369.924880,28287.354282,28397.823586,28281.697943,0.16807415,13.877983,3.809050,2.858176,7.210758,3.162402,9,take_profit,"mean_revert_v1 ext_atr=3.16, wick=0.40, close_location=0.85, vol=1.27, atr_bps=9.8",extension_ok|rejection_ok|trend_block_ok|expected_edge_ok,,18.098756,15.122437
TRD-SIG-BT-00000211,SIG-BT-00000211,BTCUSDT,mean_revert_v1,neutral,long,1697547840000,1697547960000,28162.131300,28212.544109,28119.421799,28218.187746,0.11004267,5.547560,2.481448,1.860531,1.205581,1.312505,3,take_profit,"mean_revert_v1 ext_atr=-1.31, wick=0.67, close_location=0.67, vol=1.20, atr_bps=15.2",extension_ok|rejection_ok|trend_block_ok|expected_edge_ok,,6.904902,3.890180
TRD-SIG-BT-00000212,SIG-BT-00000212,BTCUSDT,mean_revert_v1,neutral,short,1697548800000,1697548980000,28329.532960,28368.936465,28363.263812,28217.646936,0.13938799,-5.492376,3.161234,4.344775,-12.998385,3.317023,4,stop_loss,"mean_revert_v1 ext_atr=3.32, wick=0.60, close_location=0.89, vol=1.26, atr_bps=11.9",extension_ok|rejection_ok|trend_block_ok|expected_edge_ok,,26.494482,-32.917330
TRD-SIG-BT-00000213,SIG-BT-00000213,BTCUSDT,mean_revert_v1,neutral,short,1697550960000,1697551020000,28280.042860,28322.612718,28316.949328,28187.385552,0.12686606,-5.400670,2.872382,3.947635,-12.220688,2.510598,2,stop_loss,"mean_revert_v1 ext_atr=2.51, wick=0.64, close_location=0.64, vol=1.49, atr_bps=13.0",extension_ok|rejection_ok|trend_block_ok|expected_edge_ok,,19.764204,-34.061999
TRD-SIG-BT-00000214,SIG-BT-00000214,BTCUSDT,mean_revert_v1,neutral,short,1697625060000,1697625180000,28332.432380,28361.205297,28355.534190,28256.391359,0.20188233,-5.808744,4.578178,6.292961,-16.679882,3.291561,3,stop_loss,"mean_revert_v1 ext_atr=3.29, wick=0.38, close_location=0.85, vol=1.61, atr_bps=8.2",extension_ok|rejection_ok|trend_block_ok|expected_edge_ok,,13.838861,-29.161563
TRD-SIG-BT-00000215,SIG-BT-00000215,BTCUSDT,mean_revert_v1,neutral,long,1697680020000,1697680140000,28172.033280,28222.270068,28138.031693,28227.915651,0.13642973,6.853792,3.077544,2.307473,1.468775,1.643522,3,take_profit,"mean_revert_v1 ext_atr=-1.64, wick=0.86, close_location=0.86, vol=1.89, atr_bps=12.1",extension_ok|rejection_ok|trend_block_ok|expected_edge_ok,,6.836116,3.821448
