trade_id,signal_id,symbol,strategy_id,regime,side,entry_time,exit_time,entry_price,exit_price,stop_loss,take_profit,qty,position_size_usd,entry_notional_usd,exit_notional_usd,avg_notional_usd,round_trip_notional_usd,fee_bps_on_combined_notional,fee_bps_on_entry_notional,equity_at_entry_usd,risk_amount_usd,risk_per_unit_usd,stop_distance_bps,risk_pct_of_equity,leverage_used,gross_pnl,fee,slippage,net_pnl,reward_risk,bars_held,exit_reason,entry_reason,filters_passed,filters_failed,expected_edge_bps,actual_edge_bps
TRD-SIG-BT-00000001,SIG-BT-00000001,BTCUSDT,ema_trend_pullback_v1,bullish,long,1578450900000,1578452100000,8366.110000,8318.067307,8318.067307,8452.586847,0.15611115,1306.043049,1306.043049,1298.543049,1302.293049,2604.586097,5.000000,9.971287,5000.000000,7.500000,48.042693,57.425366,0.150000,0.261209,-7.500000,1.302293,0.000000,-8.802293,1.800000,5,stop_loss,etp_bullish_pullback_near_ema21_close_reclaim,15m_trend_bullish|5m_confirmation_bullish|1m_ema_alignment_long|pullback_near_ema21|close_reclaim_long|atr_bps_in_range|volume_ratio_ok|reward_risk_ok|expected_reward_ok|expected_net_edge_ok|direction_enabled|confidence_ok,,93.365659,-67.396653
TRD-SIG-BT-00000002,SIG-BT-00000002,BTCUSDT,ema_trend_pullback_v1,bullish,long,1578684900000,1578694200000,8054.390000,8005.107335,8005.107335,8143.098798,0.15191542,1223.586001,1223.586001,1216.099205,1219.842603,2439.685206,5.000000,9.969406,4991.197707,7.486797,49.282665,61.187334,0.150000,0.245149,-7.486797,1.219843,0.000000,-8.706639,1.800000,32,stop_loss,etp_bullish_pullback_near_ema21_close_reclaim,15m_trend_bullish|5m_confirmation_bullish|1m_ema_alignment_long|pullback_near_ema21|close_reclaim_long|atr_bps_in_range|volume_ratio_ok|reward_risk_ok|expected_reward_ok|expected_net_edge_ok|direction_enabled|confidence_ok,,100.137202,-71.156741
TRD-SIG-BT-00000003,SIG-BT-00000003,BTCUSDT,ema_trend_pullback_v1,bullish,long,1579097700000,1579101600000,8839.590000,8798.829195,8798.829195,8912.959448,0.18335596,1620.791539,1620.791539,1613.317802,1617.054670,3234.109341,5.000000,9.976944,4982.491068,7.473737,40.760805,46.111646,0.150000,0.325297,-7.473737,1.617055,0.000000,-9.090791,1.800000,14,stop_loss,etp_bullish_pullback_near_ema21_close_reclaim,15m_trend_bullish|5m_confirmation_bullish|1m_ema_alignment_long|pullback_near_ema21|close_reclaim_long|atr_bps_in_range|volume_ratio_ok|reward_risk_ok|expected_reward_ok|expected_net_edge_ok|direction_enabled|confidence_ok,,73.000963,-56.088590
TRD-SIG-BT-00000004,SIG-BT-00000004,BTCUSDT,ema_trend_pullback_v1,bearish,short,1583756400000,1583756700000,7803.930000,7846.583816,7846.583816,7727.153130,0.17489878,1364.897826,1364.897826,1372.357927,1368.627877,2737.255753,5.000000,10.027328,4973.400277,7.460100,42.653816,54.656841,0.150000,0.274440,-7.460100,1.368628,0.000000,-8.828728,1.800000,2,stop_loss,etp_bearish_pullback_near_ema21_close_reclaim,15m_trend_bearish|5m_confirmation_bearish|1m_ema_alignment_short|pullback_near_ema21|close_reclaim_short|atr_bps_in_range|volume_ratio_ok|reward_risk_ok|expected_reward_ok|expected_net_edge_ok|direction_enabled|confidence_ok,,88.382315,-64.684170
TRD-SIG-BT-00000005,SIG-BT-00000005,BTCUSDT,ema_trend_pullback_v1,bearish,short,1583762400000,1583765700000,7807.870000,7723.994578,7854.467457,7723.994578,0.15981253,1247.795439,1247.795439,1234.391096,1241.093267,2482.186535,5.000000,9.946288,4964.571548,7.446857,46.597457,59.680113,0.150000,0.251340,13.404343,1.241093,0.000000,12.163250,1.800000,12,take_profit,etp_bearish_pullback_near_ema21_close_reclaim,15m_trend_bearish|5m_confirmation_bearish|1m_ema_alignment_short|pullback_near_ema21|close_reclaim_short|atr_bps_in_range|volume_ratio_ok|reward_risk_ok|expected_reward_ok|expected_net_edge_ok|direction_enabled|confidence_ok,,97.424204,97.477916
TRD-SIG-BT-00000006,SIG-BT-00000006,BTCUSDT,ema_trend_pullback_v1,bearish,short,1583766900000,1583768400000,7720.560000,7640.916248,7764.806529,7640.916248,0.16871611,1302.582844,1302.582844,1289.145660,1295.864252,2591.728504,5.000000,9.948421,4976.734798,7.465102,44.246529,57.309999,0.150000,0.261734,13.437184,1.295864,0.000000,12.141320,1.800000,6,take_profit,etp_bearish_pullback_near_ema21_close_reclaim,15m_trend_bearish|5m_confirmation_bearish|1m_ema_alignment_short|pullback_near_ema21|close_reclaim_short|atr_bps_in_range|volume_ratio_ok|reward_risk_ok|expected_reward_ok|expected_net_edge_ok|direction_enabled|confidence_ok,,93.157999,93.209578
TRD-SIG-BT-00000007,SIG-BT-00000007,BTCUSDT,ema_trend_pullback_v1,bearish,short,1584021900000,1584023400000,5945.720000,6087.944947,6087.944947,5689.715096,0.05261604,312.840270,312.840270,320.323584,316.581927,633.163854,5.000000,10.119603,4988.876118,7.483314,142.224947,239.205591,0.150000,0.062708,-7.483314,0.316582,0.000000,-7.799896,1.800000,6,stop_loss,etp_bearish_pullback_near_ema21_close_reclaim,15m_trend_bearish|5m_confirmation_bearish|1m_ema_alignment_short|pullback_near_ema21|close_reclaim_short|atr_bps_in_range|volume_ratio_ok|reward_risk_ok|expected_reward_ok|expected_net_edge_ok|direction_enabled|confidence_ok,,420.570064,-249.325194
TRD-SIG-BT-00000008,SIG-BT-00000008,BTCUSDT,ema_trend_pullback_v1,bearish,short,1584043500000,1584044100000,6005.360000,5912.514841,6056.940644,5912.514841,0.14485306,869.894798,869.894798,856.445892,863.170345,1726.340689,5.000000,9.922698,4981.076222,7.471614,51.580644,85.891011,0.150000,0.174640,13.448906,0.863170,0.000000,12.585735,1.800000,3,take_profit,etp_bearish_pullback_near_ema21_close_reclaim,15m_trend_bearish|5m_confirmation_bearish|1m_ema_alignment_short|pullback_near_ema21|close_reclaim_short|atr_bps_in_range|volume_ratio_ok|reward_risk_ok|expected_reward_ok|expected_net_edge_ok|direction_enabled|confidence_ok,,144.603819,144.681121
TRD-SIG-BT-00000009,SIG-BT-00000009,BTCUSDT,ema_trend_pullback_v1,bearish,short,1584054300000,1584054600000,5703.160000,5534.141643,5797.059087,5534.141643,0.07977173,454.950959,454.950959,441.468071,448.209515,896.419030,5.000000,9.851820,4993.661957,7.490493,93.899087,164.643964,0.150000,0.091106,13.482887,0.448210,0.000000,13.034678,1.800000,2,take_profit,etp_bearish_pullback_near_ema21_close_reclaim,15m_trend_bearish|5m_confirmation_bearish|1m_ema_alignment_short|pullback_near_ema21|close_reclaim_short|atr_bps_in_range|volume_ratio_ok|reward_risk_ok|expected_reward_ok|expected_net_edge_ok|direction_enabled|confidence_ok,,286.359136,286.507315
TRD-SIG-BT-0000000A,SIG-BT-0000000A,BTCUSDT,ema_trend_pullback_v1,bearish,short,1584128100000,1584128100000,4910.580000,5031.472797,5031.472797,4692.972966,0.06212153,305.052721,305.052721,312.562766,308.807743,617.615487,5.000000,10.123094,5006.696635,7.510045,120.892797,246.188427,0.150000,0.060929,-7.510045,0.308808,0.000000,-7.818853,1.800000,1,stop_loss,etp_bearish_pullback_near_ema21_close_reclaim,15m_trend_bearish|5m_confirmation_bearish|1m_ema_alignment_short|pullback_near_ema21|close_reclaim_short|atr_bps_in_range|volume_ratio_ok|reward_risk_ok|expected_reward_ok|expected_net_edge_ok|direction_enabled|confidence_ok,,433.139169,-256.311521
TRD-SIG-BT-0000000B,SIG-BT-0000000B,BTCUSDT,ema_trend_pullback_v1,bearish,short,1584201000000,1584201600000,5328.070000,5365.769895,5365.769895,5260.210189,0.19889490,1059.725927,1059.725927,1067.224244,1063.475085,2126.950171,5.000000,10.035379,4998.877782,7.498317,37.699895,70.757131,0.150000,0.211993,-7.498317,1.063475,0.000000,-8.561792,1.800000,3,stop_loss,etp_bearish_pullback_near_ema21_close_reclaim,15m_trend_bearish|5m_confirmation_bearish|1m_ema_alignment_short|pullback_near_ema21|close_reclaim_short|atr_bps_in_range|volume_ratio_ok|reward_risk_ok|expected_reward_ok|expected_net_edge_ok|direction_enabled|confidence_ok,,117.362837,-80.792510
TRD-SIG-BT-0000000C,SIG-BT-0000000C,BTCUSDT,ema_trend_pullback_v1,bearish,short,1584230700000,1584232200000,5126.690000,5191.122328,5191.122328,5010.711809,0.11617575,595.597051,595.597051,603.082525,599.339788,1198.679576,5.000000,10.062840,4990.315991,7.485474,64.432328,125.680172,0.150000,0.119351,-7.485474,0.599340,0.000000,-8.084814,1.800000,6,stop_loss,etp_bearish_pullback_near_ema21_close_reclaim,15m_trend_bearish|5m_confirmation_bearish|1m_ema_alignment_short|pullback_near_ema21|close_reclaim_short|atr_bps_in_range|volume_ratio_ok|reward_risk_ok|expected_reward_ok|expected_net_edge_ok|direction_enabled|confidence_ok,,216.224310,-135.743012
TRD-SIG-BT-0000000D,SIG-BT-0000000D,BTCUSDT,ema_trend_pullback_v1,bearish,short,1584337500000,1584337500000,5231.020000,5187.451959,5255.224467,5187.451959,0.30875898,1615.124416,1615.124416,1601.672392,1608.398404,3216.796809,5.000000,9.958356,4982.231177,7.473347,24.204467,46.271028,0.150000,0.324177,13.452024,1.608398,0.000000,11.843626,1.800000,1,take_profit,etp_bearish_pullback_near_ema21_close_reclaim,15m_trend_bearish|5m_confirmation_bearish|1m_ema_alignment_short|pullback_near_ema21|close_reclaim_short|atr_bps_in_range|volume_ratio_ok|reward_risk_ok|expected_reward_ok|expected_net_edge_ok|direction_enabled|confidence_ok,,73.287851,73.329495
TRD-SIG-BT-0000000E,SIG-BT-0000000E,BTCUSDT,ema_trend_pullback_v1,bearish,short,1584397800000,1584398100000,4861.810000,4918.125861,4918.125861,4760.441451,0.13301958,646.715931,646.715931,654.207043,650.461487,1300.922974,5.000000,10.057917,4994.074803,7.491112,56.315861,115.833117,0.150000,0.129497,-7.491112,0.650461,0.000000,-8.141574,1.800000,2,stop_loss,etp_bearish_pullback_near_ema21_close_reclaim,15m_trend_bearish|5m_confirmation_bearish|1m_ema_alignment_short|pullback_near_ema21|close_reclaim_short|atr_bps_in_range|volume_ratio_ok|reward_risk_ok|expected_reward_ok|expected_net_edge_ok|direction_enabled|confidence_ok,,198.499611,-125.891034
TRD-SIG-BT-0000000F,SIG-BT-0000000F,BTCUSDT,ema_trend_pullback_v1,bearish,short,1584534000000,1584534900000,5078.340000,5112.605752,5112.605752,5016.661646,0.21826166,1108.406905,1108.406905,1115.885805,1112.146355,2224.292709,5.000000,10.033737,4985.933229,7.478900,34.265752,67.474317,0.150000,0.222307,-7.478900,1.112146,0.000000,-8.591046,1.800000,4,stop_loss,etp_bearish_pullback_near_ema21_close_reclaim,15m_trend_bearish|5m_confirmation_bearish|1m_ema_alignment_short|pullback_near_ema21|close_reclaim_short|atr_bps_in_range|volume_ratio_ok|reward_risk_ok|expected_reward_ok|expected_net_edge_ok|direction_enabled|confidence_ok,,111.453770,-77.508054
TRD-SIG-BT-00000010,SIG-BT-00000010,BTCUSDT,ema_trend_pullback_v1,bullish,long,1584720300000,1584720300000,6642.760000,6588.589484,6588.589484,6740.266930,0.13782430,915.533718,915.533718,908.067705,911.800711,1823.601423,5.000000,9.959226,4977.342183,7.466013,54.170516,81.548207,0.150000,0.183940,-7.466013,0.911801,0.000000,-8.377814,1.800000,1,stop_loss,etp_bullish_pullback_near_ema21_close_reclaim,15m_trend_bullish|5m_confirmation_bullish|1m_ema_alignment_long|pullback_near_ema21|close_reclaim_long|atr_bps_in_range|volume_ratio_ok|reward_risk_ok|expected_reward_ok|expected_net_edge_ok|direction_enabled|confidence_ok,,136.786772,-91.507432
TRD-SIG-BT-00000011,SIG-BT-00000011,BTCUSDT,ema_trend_pullback_v1,bullish,long,1585902300000,1585907700000,6890.000000,6950.024436,6856.653091,6950.024436,0.22351237,1540.000214,1540.000214,1553.416418,1546.708316,3093.416632,5.000000,10.043559,4968.964369,7.453447,33.346909,48.398997,0.150000,0.309924,13.416204,1.546708,0.000000,11.869495,1.800000,19,take_profit,etp_bullish_pullback_near_ema21_close_reclaim,15m_trend_bullish|5m_confirmation_bullish|1m_ema_alignment_long|pullback_near_ema21|close_reclaim_long|atr_bps_in_range|volume_ratio_ok|reward_risk_ok|expected_reward_ok|expected_net_edge_ok|direction_enabled|confidence_ok,,77.118194,77.074635
TRD-SIG-BT-00000012,SIG-BT-00000012,BTCUSDT,ema_trend_pullback_v1,bullish,long,1585912500000,1585917600000,6970.290000,6933.966652,6933.966652,7035.672026,0.20568729,1433.700027,1433.700027,1426.228776,1429.964401,2859.928803,5.000000,9.973944,4980.833864,7.471251,36.323348,52.111674,0.150000,0.287843,-7.471251,1.429964,0.000000,-8.901215,1.800000,18,stop_loss,etp_bullish_pullback_near_ema21_close_reclaim,15m_trend_bullish|5m_confirmation_bullish|1m_ema_alignment_long|pullback_near_ema21|close_reclaim_long|atr_bps_in_range|volume_ratio_ok|reward_risk_ok|expected_reward_ok|expected_net_edge_ok|direction_enabled|confidence_ok,,83.801013,-62.085618
TRD-SIG-BT-00000013,SIG-BT-00000013,BTCUSDT,ema_trend_pullback_v1,bullish,long,1586032800000,1586032800000,6814.060000,6767.741530,6767.741530,6897.433247,0.16101350,1097.155643,1097.155643,1089.697744,1093.426693,2186.853386,5.000000,9.966013,4971.932649,7.457899,46.318470,67.974850,0.150000,0.220670,-7.457899,1.093427,0.000000,-8.551326,1.800000,1,stop_loss,etp_bullish_pullback_near_ema21_close_reclaim,15m_trend_bullish|5m_confirmation_bullish|1m_ema_alignment_long|pullback_near_ema21|close_reclaim_long|atr_bps_in_range|volume_ratio_ok|reward_risk_ok|expected_reward_ok|expected_net_edge_ok|direction_enabled|confidence_ok,,112.354729,-77.940862
TRD-SIG-BT-00000014,SIG-BT-00000014,BTCUSDT,ema_trend_pullback_v1,bullish,long,1587081900000,1587081900000,7126.960000,7095.227609,7095.227609,7184.078305,0.23462058,1672.131469,1672.131469,1664.686397,1668.408933,3336.817865,5.000000,9.977738,4963.381323,7.445072,31.732391,44.524442,0.150000,0.336894,-7.445072,1.668409,0.000000,-9.113481,1.800000,1,stop_loss,etp_bullish_pullback_near_ema21_close_reclaim,15m_trend_bullish|5m_confirmation_bullish|1m_ema_alignment_long|pullback_near_ema21|close_reclaim_long|atr_bps_in_range|volume_ratio_ok|reward_risk_ok|expected_reward_ok|expected_net_edge_ok|direction_enabled|confidence_ok,,70.143995,-54.502179
TRD-SIG-BT-00000015,SIG-BT-00000015,BTCUSDT,ema_trend_pullback_v1,bullish,long,1588194600000,1588194600000,8805.300000,8912.224001,8745.897777,8912.224001,0.12510309,1101.570263,1101.570263,1114.946786,1108.258525,2216.517049,5.000000,10.060716,4954.267842,7.431402,59.402223,67.461895,0.150000,0.222348,13.376523,1.108259,0.000000,12.268265,1.800000,1,take_profit,etp_bullish_pullback_near_ema21_close_reclaim,15m_trend_bullish|5m_confirmation_bullish|1m_ema_alignment_long|pullback_near_ema21|close_reclaim_long|atr_bps_in_range|volume_ratio_ok|reward_risk_ok|expected_reward_ok|expected_net_edge_ok|direction_enabled|confidence_ok,,111.431411,111.370696
TRD-SIG-BT-00000016,SIG-BT-00000016,BTCUSDT,ema_trend_pullback_v1,bearish,short,1589241600000,1589241900000,8560.730000,8610.262533,8610.262533,8471.571441,0.15040224,1287.553009,1287.553009,1295.002814,1291.277911,2582.555823,5.000000,10.028930,4966.536107,7.449804,49.532533,57.860174,0.150000,0.259246,-7.449804,1.291278,0.000000,-8.741082,1.800000,2,stop_loss,etp_bearish_pullback_near_ema21_close_reclaim,15m_trend_bearish|5m_confirmation_bearish|1m_ema_alignment_short|pullback_near_ema21|close_reclaim_short|atr_bps_in_range|volume_ratio_ok|reward_risk_ok|expected_reward_ok|expected_net_edge_ok|direction_enabled|confidence_ok,,94.148314,-67.889104
TRD-SIG-BT-00000017,SIG-BT-00000017,BTCUSDT,ema_trend_pullback_v1,bearish,short,1599333000000,1599333900000,10087.240000,9931.742116,10173.627713,9931.742116,0.08608507,868.360786,868.360786,854.974739,861.667763,1723.335525,5.000000,9.922923,4957.795025,7.436693,86.387713,85.640585,0.150000,0.175151,13.386047,0.861668,0.000000,12.524379,1.800000,4,take_profit,etp_bearish_pullback_near_ema21_close_reclaim,15m_trend_bearish|5m_confirmation_bearish|1m_ema_alignment_short|pullback_near_ema21|close_reclaim_short|atr_bps_in_range|volume_ratio_ok|reward_risk_ok|expected_reward_ok|expected_net_edge_ok|direction_enabled|confidence_ok,,144.153052,144.230129
TRD-SIG-BT-00000018,SIG-BT-00000018,BTCUSDT,ema_trend_pullback_v1,bearish,short,1599569100000,1599569700000,9967.610000,10013.312161,10013.312161,9885.346109,0.16313187,1626.034868,1626.034868,1633.490347,1629.762607,3259.525215,5.000000,10.022925,4970.319404,7.455479,45.702161,45.850672,0.150000,0.327149,-7.455479,1.629763,0.000000,-9.085242,1.800000,3,stop_loss,etp_bearish_pullback_near_ema21_close_reclaim,15m_trend_bearish|5m_confirmation_bearish|1m_ema_alignment_short|pullback_near_ema21|close_reclaim_short|atr_bps_in_range|volume_ratio_ok|reward_risk_ok|expected_reward_ok|expected_net_edge_ok|direction_enabled|confidence_ok,,72.531209,-55.873597
TRD-SIG-BT-00000019,SIG-BT-00000019,BTCUSDT,ema_trend_pullback_v1,bearish,short,1599572700000,1599573300000,9947.600000,9995.716472,9995.716472,9860.990351,0.15466328,1538.528419,1538.528419,1545.970270,1542.249344,3084.498689,5.000000,10.024185,4961.234162,7.441851,48.116472,48.369930,0.150000,0.310110,-7.441851,1.542249,0.000000,-8.984101,1.800000,3,stop_loss,etp_bearish_pullback_near_ema21_close_reclaim,15m_trend_bearish|5m_confirmation_bearish|1m_ema_alignment_short|pullback_near_ema21|close_reclaim_short|atr_bps_in_range|volume_ratio_ok|reward_risk_ok|expected_reward_ok|expected_net_edge_ok|direction_enabled|confidence_ok,,77.065875,-58.394115
TRD-SIG-BT-0000001A,SIG-BT-0000001A,BTCUSDT,ema_trend_pullback_v1,bullish,long,1604619900000,1604621100000,15560.000000,15459.301511,15459.301511,15741.257281,0.07376849,1147.837642,1147.837642,1140.409267,1144.123454,2288.246908,5.000000,9.967642,4952.250061,7.428375,100.698489,64.716253,0.150000,0.231781,-7.428375,1.144123,0.000000,-8.572499,1.800000,5,stop_loss,etp_bullish_pullback_near_ema21_close_reclaim,15m_trend_bullish|5m_confirmation_bullish|1m_ema_alignment_long|pullback_near_ema21|close_reclaim_long|atr_bps_in_range|volume_ratio_ok|reward_risk_ok|expected_reward_ok|expected_net_edge_ok|direction_enabled|confidence_ok,,106.489255,-74.683895
TRD-SIG-BT-0000001B,SIG-BT-0000001B,BTCUSDT,ema_trend_pullback_v1,bullish,long,1605700200000,1605703800000,18173.330000,18091.040668,18091.040668,18321.450798,0.09011516,1637.692543,1637.692543,1630.277027,1633.984785,3267.969570,5.000000,9.977360,4943.677563,7.415516,82.289332,45.280272,0.150000,0.331270,-7.415516,1.633985,0.000000,-9.049501,1.800000,13,stop_loss,etp_bullish_pullback_near_ema21_close_reclaim,15m_trend_bullish|5m_confirmation_bullish|1m_ema_alignment_long|pullback_near_ema21|close_reclaim_long|atr_bps_in_range|volume_ratio_ok|reward_risk_ok|expected_reward_ok|expected_net_edge_ok|direction_enabled|confidence_ok,,71.504489,-55.257632
TRD-SIG-BT-0000001C,SIG-BT-0000001C,BTCUSDT,ema_trend_pullback_v1,bullish,long,1608207300000,1608209400000,22738.010000,22994.339959,22595.604467,22994.339959,0.05197791,1181.874257,1181.874257,1195.197753,1188.536005,2377.072010,5.000000,10.056366,4934.628062,7.401942,142.405533,62.628846,0.150000,0.239506,13.323496,1.188536,0.000000,12.134960,1.800000,8,take_profit,etp_bullish_pullback_near_ema21_close_reclaim,15m_trend_bullish|5m_confirmation_bullish|1m_ema_alignment_long|pullback_near_ema21|close_reclaim_long|atr_bps_in_range|volume_ratio_ok|reward_risk_ok|expected_reward_ok|expected_net_edge_ok|direction_enabled|confidence_ok,,102.731923,102.675557
TRD-SIG-BT-0000001D,SIG-BT-0000001D,BTCUSDT,ema_trend_pullback_v1,bullish,long,1609027500000,1609030500000,26624.240000,26865.969788,26489.945673,26865.969788,0.05525285,1471.065189,1471.065189,1484.421449,1477.743319,2955.486638,5.000000,10.045397,4946.763021,7.420145,134.294327,50.440623,0.150000,0.297379,13.356260,1.477743,0.000000,11.878517,1.800000,11,take_profit,etp_bullish_pullback_near_ema21_close_reclaim,15m_trend_bullish|5m_confirmation_bullish|1m_ema_alignment_long|pullback_near_ema21|close_reclaim_long|atr_bps_in_range|volume_ratio_ok|reward_risk_ok|expected_reward_ok|expected_net_edge_ok|direction_enabled|confidence_ok,,80.793122,80.747726
TRD-SIG-BT-0000001E,SIG-BT-0000001E,BTCUSDT,ema_trend_pullback_v1,bullish,long,1609362000000,1609362000000,28816.020000,28670.410181,28670.410181,29078.117673,0.05108146,1471.964409,1471.964409,1464.526447,1468.245428,2936.490856,5.000000,9.974735,4958.641538,7.437962,145.609819,50.530857,0.150000,0.296848,-7.437962,1.468245,0.000000,-8.906208,1.800000,1,stop_loss,etp_bullish_pullback_near_ema21_close_reclaim,15m_trend_bullish|5m_confirmation_bullish|1m_ema_alignment_long|pullback_near_ema21|close_reclaim_long|atr_bps_in_range|volume_ratio_ok|reward_risk_ok|expected_reward_ok|expected_net_edge_ok|direction_enabled|confidence_ok,,80.955543,-60.505592
TRD-SIG-BT-0000001F,SIG-BT-0000001F,BTCUSDT,ema_trend_pullback_v1,bullish,long,1609660800000,1609661100000,34476.000000,34219.229407,34219.229407,34938.187068,0.02891532,996.884455,996.884455,989.459852,993.172154,1986.344308,5.000000,9.962761,4949.735331,7.424603,256.770593,74.478070,0.150000,0.201402,-7.424603,0.993172,0.000000,-8.417775,1.800000,2,stop_loss,etp_bullish_pullback_near_ema21_close_reclaim,15m_trend_bullish|5m_confirmation_bullish|1m_ema_alignment_long|pullback_near_ema21|close_reclaim_long|atr_bps_in_range|volume_ratio_ok|reward_risk_ok|expected_reward_ok|expected_net_edge_ok|direction_enabled|confidence_ok,,124.060525,-84.440831
TRD-SIG-BT-00000020,SIG-BT-00000020,BTCUSDT,ema_trend_pullback_v1,bullish,long,1609884300000,1609885200000,34009.610000,34385.645798,33800.701223,34385.645798,0.03547949,1206.643532,1206.643532,1219.985090,1213.314311,2426.628622,5.000000,10.055284,4941.317555,7.411976,208.908777,61.426396,0.150000,0.244195,13.341557,1.213314,0.000000,12.128243,1.800000,4,take_profit,etp_bullish_pullback_near_ema21_close_reclaim,15m_trend_bullish|5m_confirmation_bullish|1m_ema_alignment_long|pullback_near_ema21|close_reclaim_long|atr_bps_in_range|volume_ratio_ok|reward_risk_ok|expected_reward_ok|expected_net_edge_ok|direction_enabled|confidence_ok,,100.567513,100.512229
TRD-SIG-BT-00000021,SIG-BT-00000021,BTCUSDT,ema_trend_pullback_v1,bullish,long,1609888200000,1609888500000,34200.050000,33997.998083,33997.998083,34563.743450,0.03677356,1257.657661,1257.657661,1250.227493,1253.942577,2507.885154,5.000000,9.970460,4953.445799,7.430169,202.051917,59.079421,0.150000,0.253896,-7.430169,1.253943,0.000000,-8.684111,1.800000,2,stop_loss,etp_bullish_pullback_near_ema21_close_reclaim,15m_trend_bullish|5m_confirmation_bullish|1m_ema_alignment_long|pullback_near_ema21|close_reclaim_long|atr_bps_in_range|volume_ratio_ok|reward_risk_ok|expected_reward_ok|expected_net_edge_ok|direction_enabled|confidence_ok,,96.342959,-69.049882
TRD-SIG-BT-00000022,SIG-BT-00000022,BTCUSDT,ema_trend_pullback_v1,bullish,long,1609998600000,1609998900000,37586.750000,37390.800561,37390.800561,37939.458991,0.03785233,1422.746005,1422.746005,1415.328863,1419.037434,2838.074868,5.000000,9.973934,4944.761687,7.417143,195.949439,52.132584,0.150000,0.287728,-7.417143,1.419037,0.000000,-8.836180,1.800000,2,stop_loss,etp_bullish_pullback_near_ema21_close_reclaim,15m_trend_bullish|5m_confirmation_bullish|1m_ema_alignment_long|pullback_near_ema21|close_reclaim_long|atr_bps_in_range|volume_ratio_ok|reward_risk_ok|expected_reward_ok|expected_net_edge_ok|direction_enabled|confidence_ok,,83.838651,-62.106517
TRD-SIG-BT-00000023,SIG-BT-00000023,BTCUSDT,ema_trend_pullback_v1,bullish,long,1610033700000,1610034600000,38523.170000,38876.726114,38326.749937,38876.726114,0.03769415,1452.098333,1452.098333,1465.425331,1458.761832,2917.523664,5.000000,10.045889,4935.925507,7.403888,196.420063,50.987513,0.150000,0.294190,13.326999,1.458762,0.000000,11.868237,1.800000,4,take_profit,etp_bullish_pullback_near_ema21_close_reclaim,15m_trend_bullish|5m_confirmation_bullish|1m_ema_alignment_long|pullback_near_ema21|close_reclaim_long|atr_bps_in_range|volume_ratio_ok|reward_risk_ok|expected_reward_ok|expected_net_edge_ok|direction_enabled|confidence_ok,,81.777523,81.731635
TRD-SIG-BT-00000024,SIG-BT-00000024,BTCUSDT,ema_trend_pullback_v1,bearish,short,1611273300000,1611274800000,30721.450000,30134.004166,31047.808797,30134.004166,0.02274089,698.633221,698.633221,685.274178,691.953699,1383.907398,5.000000,9.904392,4947.793744,7.421691,326.358797,106.231573,0.150000,0.141201,13.359043,0.691954,0.000000,12.667089,1.800000,6,take_profit,etp_bearish_pullback_near_ema21_close_reclaim,15m_trend_bearish|5m_confirmation_bearish|1m_ema_alignment_short|pullback_near_ema21|close_reclaim_short|atr_bps_in_range|volume_ratio_ok|reward_risk_ok|expected_reward_ok|expected_net_edge_ok|direction_enabled|confidence_ok,,181.216832,181.312440
TRD-SIG-BT-00000025,SIG-BT-00000025,BTCUSDT,ema_trend_pullback_v1,bearish,short,1611447300000,1611448200000,31857.240000,32024.700876,32024.700876,31555.810424,0.04443242,1415.494134,1415.494134,1422.934825,1419.214479,2838.428958,5.000000,10.026283,4960.460834,7.440691,167.460876,52.566034,0.150000,0.285355,-7.440691,1.419214,0.000000,-8.859906,1.800000,4,stop_loss,etp_bearish_pullback_near_ema21_close_reclaim,15m_trend_bearish|5m_confirmation_bearish|1m_ema_alignment_short|pullback_near_ema21|close_reclaim_short|atr_bps_in_range|volume_ratio_ok|reward_risk_ok|expected_reward_ok|expected_net_edge_ok|direction_enabled|confidence_ok,,84.618861,-62.592317
TRD-SIG-BT-00000026,SIG-BT-00000026,BTCUSDT,ema_trend_pullback_v1,bullish,long,1612800000000,1612801800000,43785.810000,43375.332632,43375.332632,44524.669263,0.01809455,792.284329,792.284329,784.856928,788.570628,1577.141257,5.000000,9.953127,4951.600928,7.427401,410.477368,93.746665,0.150000,0.160006,-7.427401,0.788571,0.000000,-8.215972,1.800000,7,stop_loss,etp_bullish_pullback_near_ema21_close_reclaim,15m_trend_bullish|5m_confirmation_bullish|1m_ema_alignment_long|pullback_near_ema21|close_reclaim_long|atr_bps_in_range|volume_ratio_ok|reward_risk_ok|expected_reward_ok|expected_net_edge_ok|direction_enabled|confidence_ok,,158.743998,-103.699792
TRD-SIG-BT-00000027,SIG-BT-00000027,BTCUSDT,ema_trend_pullback_v1,bullish,long,1612814700000,1612816200000,43221.400000,43679.608208,42966.839885,43679.608208,0.02912898,1258.995453,1258.995453,1272.342593,1265.669023,2531.338046,5.000000,10.053007,4943.384956,7.415077,254.560115,58.896777,0.150000,0.254683,13.347139,1.265669,0.000000,12.081470,1.800000,6,take_profit,etp_bullish_pullback_near_ema21_close_reclaim,15m_trend_bullish|5m_confirmation_bullish|1m_ema_alignment_long|pullback_near_ema21|close_reclaim_long|atr_bps_in_range|volume_ratio_ok|reward_risk_ok|expected_reward_ok|expected_net_edge_ok|direction_enabled|confidence_ok,,96.014198,95.961191
TRD-SIG-BT-00000028,SIG-BT-00000028,BTCUSDT,ema_trend_pullback_v1,bullish,long,1613479500000,1613482200000,49676.810000,49199.660048,49199.660048,50535.679913,0.01557833,773.881764,773.881764,766.448564,770.165164,1540.330327,5.000000,9.951975,4955.466426,7.433200,477.149952,96.050844,0.150000,0.156167,-7.433200,0.770165,0.000000,-8.203365,1.800000,10,stop_loss,etp_bullish_pullback_near_ema21_close_reclaim,15m_trend_bullish|5m_confirmation_bullish|1m_ema_alignment_long|pullback_near_ema21|close_reclaim_long|atr_bps_in_range|volume_ratio_ok|reward_risk_ok|expected_reward_ok|expected_net_edge_ok|direction_enabled|confidence_ok,,162.891519,-106.002818
TRD-SIG-BT-00000029,SIG-BT-00000029,BTCUSDT,ema_trend_pullback_v1,bearish,short,1614285000000,1614285300000,49150.000000,48561.242553,49477.087471,48561.242553,0.02268780,1115.105291,1115.105291,1101.747681,1108.426486,2216.852971,5.000000,9.940106,4947.263062,7.420895,327.087471,66.548824,0.150000,0.225398,13.357610,1.108426,0.000000,12.249184,1.800000,2,take_profit,etp_bearish_pullback_near_ema21_close_reclaim,15m_trend_bearish|5m_confirmation_bearish|1m_ema_alignment_short|pullback_near_ema21|close_reclaim_short|atr_bps_in_range|volume_ratio_ok|reward_risk_ok|expected_reward_ok|expected_net_edge_ok|direction_enabled|confidence_ok,,109.787883,109.847777
TRD-SIG-BT-0000002A,SIG-BT-0000002A,BTCUSDT,ema_trend_pullback_v1,bullish,long,1615216200000,1615221600000,50947.170000,50674.011754,50674.011754,51438.854843,0.02723428,1387.509531,1387.509531,1380.070263,1383.789897,2767.579794,5.000000,9.973192,4959.512245,7.439268,273.158246,53.615980,0.150000,0.279767,-7.439268,1.383790,0.000000,-8.823058,1.800000,19,stop_loss,etp_bullish_pullback_near_ema21_close_reclaim,15m_trend_bullish|5m_confirmation_bullish|1m_ema_alignment_long|pullback_near_ema21|close_reclaim_long|atr_bps_in_range|volume_ratio_ok|reward_risk_ok|expected_reward_ok|expected_net_edge_ok|direction_enabled|confidence_ok,,86.508765,-63.589172
TRD-SIG-BT-0000002B,SIG-BT-0000002B,BTCUSDT,ema_trend_pullback_v1,bearish,short,1616457300000,1616458200000,54286.180000,54565.242562,54565.242562,53783.867389,0.02661064,1444.590073,1444.590073,1452.016107,1448.303090,2896.606180,5.000000,10.025703,4950.689187,7.426034,279.062562,51.405820,0.150000,0.291796,-7.426034,1.448303,0.000000,-8.874337,1.800000,4,stop_loss,etp_bearish_pullback_near_ema21_close_reclaim,15m_trend_bearish|5m_confirmation_bearish|1m_ema_alignment_short|pullback_near_ema21|close_reclaim_short|atr_bps_in_range|volume_ratio_ok|reward_risk_ok|expected_reward_ok|expected_net_edge_ok|direction_enabled|confidence_ok,,82.530477,-61.431523
TRD-SIG-BT-0000002C,SIG-BT-0000002C,BTCUSDT,ema_trend_pullback_v1,bearish,short,1616638200000,1616639700000,52087.110000,52431.519531,52431.519531,51467.172844,0.02152299,1121.070255,1121.070255,1128.482977,1124.776616,2249.553231,5.000000,10.033061,4941.814850,7.412722,344.409531,66.121835,0.150000,0.226854,-7.412722,1.124777,0.000000,-8.537499,1.800000,6,stop_loss,etp_bearish_pullback_near_ema21_close_reclaim,15m_trend_bearish|5m_confirmation_bearish|1m_ema_alignment_short|pullback_near_ema21|close_reclaim_short|atr_bps_in_range|volume_ratio_ok|reward_risk_ok|expected_reward_ok|expected_net_edge_ok|direction_enabled|confidence_ok,,109.019304,-76.154896
TRD-SIG-BT-0000002D,SIG-BT-0000002D,BTCUSDT,ema_trend_pullback_v1,bearish,short,1616687700000,1616688900000,51049.990000,51380.004147,51380.004147,50455.964535,0.02242303,1144.695287,1144.695287,1152.095203,1148.395245,2296.790491,5.000000,10.032323,4933.277351,7.399916,330.014147,64.645291,0.150000,0.232035,-7.399916,1.148395,0.000000,-8.548311,1.800000,5,stop_loss,etp_bearish_pullback_near_ema21_close_reclaim,15m_trend_bearish|5m_confirmation_bearish|1m_ema_alignment_short|pullback_near_ema21|close_reclaim_short|atr_bps_in_range|volume_ratio_ok|reward_risk_ok|expected_reward_ok|expected_net_edge_ok|direction_enabled|confidence_ok,,106.361524,-74.677614
TRD-SIG-BT-0000002E,SIG-BT-0000002E,BTCUSDT,ema_trend_pullback_v1,bearish,short,1617824100000,1617824400000,55729.030000,55977.083551,55977.083551,55282.533608,0.02978024,1659.623725,1659.623725,1667.010818,1663.317272,3326.634543,5.000000,10.022255,4924.729040,7.387094,248.053551,44.510653,0.150000,0.336998,-7.387094,1.663317,0.000000,-9.050411,1.800000,2,stop_loss,etp_bearish_pullback_near_ema21_close_reclaim,15m_trend_bearish|5m_confirmation_bearish|1m_ema_alignment_short|pullback_near_ema21|close_reclaim_short|atr_bps_in_range|volume_ratio_ok|reward_risk_ok|expected_reward_ok|expected_net_edge_ok|direction_enabled|confidence_ok,,70.119175,-54.532908
TRD-SIG-BT-0000002F,SIG-BT-0000002F,BTCUSDT,ema_trend_pullback_v1,bearish,short,1619139000000,1619140200000,51578.420000,51071.764383,51859.895343,51071.764383,0.02619596,1351.146432,1351.146432,1337.874100,1344.510266,2689.020532,5.000000,9.950885,4915.678629,7.373518,281.475343,54.572308,0.150000,0.274865,13.272332,1.344510,0.000000,11.927822,1.800000,5,take_profit,etp_bearish_pullback_near_ema21_close_reclaim,15m_trend_bearish|5m_confirmation_bearish|1m_ema_alignment_short|pullback_near_ema21|close_reclaim_short|atr_bps_in_range|volume_ratio_ok|reward_risk_ok|expected_reward_ok|expected_net_edge_ok|direction_enabled|confidence_ok,,88.230155,88.279270
TRD-SIG-BT-00000030,SIG-BT-00000030,BTCUSDT,ema_trend_pullback_v1,bearish,short,1619143500000,1619144100000,51080.350000,50247.756273,51542.902071,50247.756273,0.01597963,816.244953,816.244953,802.940416,809.592685,1619.185369,5.000000,9.918502,4927.606451,7.391410,462.552071,90.553818,0.150000,0.165647,13.304537,0.809593,0.000000,12.494945,1.800000,3,take_profit,etp_bearish_pullback_near_ema21_close_reclaim,15m_trend_bearish|5m_confirmation_bearish|1m_ema_alignment_short|pullback_near_ema21|close_reclaim_short|atr_bps_in_range|volume_ratio_ok|reward_risk_ok|expected_reward_ok|expected_net_edge_ok|direction_enabled|confidence_ok,,152.996872,153.078370
TRD-SIG-BT-00000031,SIG-BT-00000031,BTCUSDT,ema_trend_pullback_v1,bearish,short,1619151000000,1619153700000,49905.890000,49195.594923,50300.498376,49195.594923,0.01877850,937.157591,937.157591,923.819317,930.488454,1860.976908,5.000000,9.928837,4940.101396,7.410152,394.608376,79.070502,0.150000,0.189704,13.338274,0.930488,0.000000,12.407785,1.800000,10,take_profit,etp_bearish_pullback_near_ema21_close_reclaim,15m_trend_bearish|5m_confirmation_bearish|1m_ema_alignment_short|pullback_near_ema21|close_reclaim_short|atr_bps_in_range|volume_ratio_ok|reward_risk_ok|expected_reward_ok|expected_net_edge_ok|direction_enabled|confidence_ok,,132.326903,132.398067
TRD-SIG-BT-00000032,SIG-BT-00000032,BTCUSDT,ema_trend_pullback_v1,bearish,short,1619160600000,1619160900000,48841.540000,49229.990480,49229.990480,48142.329136,0.01912409,934.050237,934.050237,941.479001,937.764619,1875.529237,5.000000,10.039766,4952.509181,7.428764,388.450480,79.532808,0.150000,0.188601,-7.428764,0.937765,0.000000,-8.366528,1.800000,2,stop_loss,etp_bearish_pullback_near_ema21_close_reclaim,15m_trend_bearish|5m_confirmation_bearish|1m_ema_alignment_short|pullback_near_ema21|close_reclaim_short|atr_bps_in_range|volume_ratio_ok|reward_risk_ok|expected_reward_ok|expected_net_edge_ok|direction_enabled|confidence_ok,,133.159054,-89.572574
TRD-SIG-BT-00000033,SIG-BT-00000033,BTCUSDT,ema_trend_pullback_v1,bearish,short,1620901500000,1620903300000,49717.040000,49081.224914,50070.270603,49081.224914,0.02099539,1043.828603,1043.828603,1030.479417,1037.154010,2074.308020,5.000000,9.936057,4944.142653,7.416214,353.230603,71.048197,0.150000,0.211124,13.349185,1.037154,0.000000,12.312031,1.800000,7,take_profit,etp_bearish_pullback_near_ema21_close_reclaim,15m_trend_bearish|5m_confirmation_bearish|1m_ema_alignment_short|pullback_near_ema21|close_reclaim_short|atr_bps_in_range|volume_ratio_ok|reward_risk_ok|expected_reward_ok|expected_net_edge_ok|direction_enabled|confidence_ok,,117.886754,117.950697
TRD-SIG-BT-00000034,SIG-BT-00000034,BTCUSDT,ema_trend_pullback_v1,bearish,short,1621073100000,1621074600000,48360.490000,47834.175243,48652.887087,47834.175243,0.02542666,1229.645853,1229.645853,1216.263426,1222.954640,2445.909279,5.000000,9.945584,4956.454684,7.434682,292.397087,60.461978,0.150000,0.248090,13.382428,1.222955,0.000000,12.159473,1.800000,6,take_profit,etp_bearish_pullback_near_ema21_close_reclaim,15m_trend_bearish|5m_confirmation_bearish|1m_ema_alignment_short|pullback_near_ema21|close_reclaim_short|atr_bps_in_range|volume_ratio_ok|reward_risk_ok|expected_reward_ok|expected_net_edge_ok|direction_enabled|confidence_ok,,98.831560,98.885976
TRD-SIG-BT-00000035,SIG-BT-00000035,BTCUSDT,ema_trend_pullback_v1,bearish,short,1621263900000,1621265700000,44248.180000,43735.544372,44532.977571,43735.544372,0.02616919,1157.938949,1157.938949,1144.523690,1151.231319,2302.462639,5.000000,9.942073,4968.614157,7.452921,284.797571,64.363680,0.150000,0.233051,13.415258,1.151231,0.000000,12.264027,1.800000,7,take_profit,etp_bearish_pullback_near_ema21_close_reclaim,15m_trend_bearish|5m_confirmation_bearish|1m_ema_alignment_short|pullback_near_ema21|close_reclaim_short|atr_bps_in_range|volume_ratio_ok|reward_risk_ok|expected_reward_ok|expected_net_edge_ok|direction_enabled|confidence_ok,,105.854625,105.912552
TRD-SIG-BT-00000036,SIG-BT-00000036,BTCUSDT,ema_trend_pullback_v1,bearish,short,1621376100000,1621376400000,42911.350000,43149.098807,43149.098807,42483.402148,0.03142526,1348.500189,1348.500189,1355.971506,1352.235848,2704.471696,5.000000,10.027702,4980.878184,7.471317,237.748807,55.404644,0.150000,0.270735,-7.471317,1.352236,0.000000,-8.823553,1.800000,2,stop_loss,etp_bearish_pullback_near_ema21_close_reclaim,15m_trend_bearish|5m_confirmation_bearish|1m_ema_alignment_short|pullback_near_ema21|close_reclaim_short|atr_bps_in_range|volume_ratio_ok|reward_risk_ok|expected_reward_ok|expected_net_edge_ok|direction_enabled|confidence_ok,,89.728359,-65.432346
TRD-SIG-BT-00000037,SIG-BT-00000037,BTCUSDT,ema_trend_pullback_v1,bearish,short,1621382700000,1621382700000,42563.560000,42857.353236,42857.353236,42034.732175,0.02538548,1080.496347,1080.496347,1087.954429,1084.225388,2168.450776,5.000000,10.034512,4972.054631,7.458082,293.793236,69.024592,0.150000,0.217314,-7.458082,1.084225,0.000000,-8.542307,1.800000,1,stop_loss,etp_bearish_pullback_near_ema21_close_reclaim,15m_trend_bearish|5m_confirmation_bearish|1m_ema_alignment_short|pullback_near_ema21|close_reclaim_short|atr_bps_in_range|volume_ratio_ok|reward_risk_ok|expected_reward_ok|expected_net_edge_ok|direction_enabled|confidence_ok,,114.244266,-79.059104
TRD-SIG-BT-00000038,SIG-BT-00000038,BTCUSDT,ema_trend_pullback_v1,bearish,short,1621397100000,1621398000000,40577.990000,39959.143121,40921.793822,39959.143121,0.02165557,878.739593,878.739593,865.338109,872.038851,1744.077702,5.000000,9.923746,4963.512323,7.445268,343.803822,84.726676,0.150000,0.177040,13.401483,0.872039,0.000000,12.529444,1.800000,4,take_profit,etp_bearish_pullback_near_ema21_close_reclaim,15m_trend_bearish|5m_confirmation_bearish|1m_ema_alignment_short|pullback_near_ema21|close_reclaim_short|atr_bps_in_range|volume_ratio_ok|reward_risk_ok|expected_reward_ok|expected_net_edge_ok|direction_enabled|confidence_ok,,142.508017,142.584271
TRD-SIG-BT-00000039,SIG-BT-00000039,BTCUSDT,ema_trend_pullback_v1,bearish,short,1621584300000,1621585200000,39659.050000,39945.361850,39945.361850,39143.688669,0.02606970,1033.899343,1033.899343,1041.363406,1037.631374,2075.262749,5.000000,10.036097,4976.041768,7.464063,286.311850,72.193320,0.150000,0.207775,-7.464063,1.037631,0.000000,-8.501694,1.800000,4,stop_loss,etp_bearish_pullback_near_ema21_close_reclaim,15m_trend_bearish|5m_confirmation_bearish|1m_ema_alignment_short|pullback_near_ema21|close_reclaim_short|atr_bps_in_range|volume_ratio_ok|reward_risk_ok|expected_reward_ok|expected_net_edge_ok|direction_enabled|confidence_ok,,119.947977,-82.229417
TRD-SIG-BT-0000003A,SIG-BT-0000003A,BTCUSDT,ema_trend_pullback_v1,bearish,short,1621624800000,1621625400000,36405.310000,35692.913452,36801.085860,35692.913452,0.01882710,685.406267,685.406267,671.993909,678.700088,1357.400175,5.000000,9.902158,4967.540074,7.451310,395.775860,108.713773,0.150000,0.137977,13.412358,0.678700,0.000000,12.733658,1.800000,3,take_profit,etp_bearish_pullback_near_ema21_close_reclaim,15m_trend_bearish|5m_confirmation_bearish|1m_ema_alignment_short|pullback_near_ema21|close_reclaim_short|atr_bps_in_range|volume_ratio_ok|reward_risk_ok|expected_reward_ok|expected_net_edge_ok|direction_enabled|confidence_ok,,185.684791,185.782633
TRD-SIG-BT-0000003B,SIG-BT-0000003B,BTCUSDT,ema_trend_pullback_v1,bearish,short,1621656300000,1621656600000,36872.910000,37173.388335,37173.388335,36332.048998,0.02486173,916.724256,916.724256,924.194666,920.459461,1840.918922,5.000000,10.040745,4980.273732,7.470411,300.478335,81.490269,0.150000,0.184071,-7.470411,0.920459,0.000000,-8.390870,1.800000,2,stop_loss,etp_bearish_pullback_near_ema21_close_reclaim,15m_trend_bearish|5m_confirmation_bearish|1m_ema_alignment_short|pullback_near_ema21|close_reclaim_short|atr_bps_in_range|volume_ratio_ok|reward_risk_ok|expected_reward_ok|expected_net_edge_ok|direction_enabled|confidence_ok,,136.682484,-91.531014
TRD-SIG-BT-0000003C,SIG-BT-0000003C,BTCUSDT,ema_trend_pullback_v1,bearish,short,1622201100000,1622202300000,35724.060000,35281.424359,35969.968690,35281.424359,0.03032762,1083.425571,1083.425571,1070.001488,1076.713529,2153.427059,5.000000,9.938048,4971.882862,7.457824,245.908690,68.835594,0.150000,0.217911,13.424084,1.076714,0.000000,12.347370,1.800000,5,take_profit,etp_bearish_pullback_near_ema21_close_reclaim,15m_trend_bearish|5m_confirmation_bearish|1m_ema_alignment_short|pullback_near_ema21|close_reclaim_short|atr_bps_in_range|volume_ratio_ok|reward_risk_ok|expected_reward_ok|expected_net_edge_ok|direction_enabled|confidence_ok,,113.904069,113.966022
TRD-SIG-BT-0000003D,SIG-BT-0000003D,BTCUSDT,ema_trend_pullback_v1,bearish,short,1622302500000,1622302800000,34199.000000,34514.845665,34514.845665,33630.477803,0.02367088,809.520481,809.520481,816.996826,813.258654,1626.517307,5.000000,10.046178,4984.230232,7.476345,315.845665,92.355234,0.150000,0.162416,-7.476345,0.813259,0.000000,-8.289604,1.800000,2,stop_loss,etp_bearish_pullback_near_ema21_close_reclaim,15m_trend_bearish|5m_confirmation_bearish|1m_ema_alignment_short|pullback_near_ema21|close_reclaim_short|atr_bps_in_range|volume_ratio_ok|reward_risk_ok|expected_reward_ok|expected_net_edge_ok|direction_enabled|confidence_ok,,156.239421,-102.401412
TRD-SIG-BT-0000003E,SIG-BT-0000003E,BTCUSDT,ema_trend_pullback_v1,bearish,short,1622437500000,1622438100000,34266.650000,34448.988576,34448.988576,33938.440563,0.04093435,1402.683018,1402.683018,1410.146928,1406.414973,2812.829946,5.000000,10.026606,4975.940628,7.463911,182.338576,53.211673,0.150000,0.281893,-7.463911,1.406415,0.000000,-8.870326,1.800000,3,stop_loss,etp_bearish_pullback_near_ema21_close_reclaim,15m_trend_bearish|5m_confirmation_bearish|1m_ema_alignment_short|pullback_near_ema21|close_reclaim_short|atr_bps_in_range|volume_ratio_ok|reward_risk_ok|expected_reward_ok|expected_net_edge_ok|direction_enabled|confidence_ok,,85.781011,-63.238278
TRD-SIG-BT-0000003F,SIG-BT-0000003F,BTCUSDT,ema_trend_pullback_v1,bearish,short,1624077600000,1624080000000,35177.120000,35381.528223,35381.528223,34809.185198,0.03644964,1282.193241,1282.193241,1289.643846,1285.918543,2571.837086,5.000000,10.029054,4967.070302,7.450605,204.408223,58.108288,0.150000,0.258139,-7.450605,1.285919,0.000000,-8.736524,1.800000,9,stop_loss,etp_bearish_pullback_near_ema21_close_reclaim,15m_trend_bearish|5m_confirmation_bearish|1m_ema_alignment_short|pullback_near_ema21|close_reclaim_short|atr_bps_in_range|volume_ratio_ok|reward_risk_ok|expected_reward_ok|expected_net_edge_ok|direction_enabled|confidence_ok,,94.594919,-68.137342
TRD-SIG-BT-00000040,SIG-BT-00000040,BTCUSDT,ema_trend_pullback_v1,bearish,short,1624267200000,1624267200000,32803.360000,32176.788543,33151.455254,32176.788543,0.02136628,700.885775,700.885775,687.498274,694.192025,1388.384050,5.000000,9.904496,4958.333778,7.437501,348.095254,106.115731,0.150000,0.141355,13.387501,0.694192,0.000000,12.693309,1.800000,1,take_profit,etp_bearish_pullback_near_ema21_close_reclaim,15m_trend_bearish|5m_confirmation_bearish|1m_ema_alignment_short|pullback_near_ema21|close_reclaim_short|atr_bps_in_range|volume_ratio_ok|reward_risk_ok|expected_reward_ok|expected_net_edge_ok|direction_enabled|confidence_ok,,181.008316,181.103821
TRD-SIG-BT-00000041,SIG-BT-00000041,BTCUSDT,ema_trend_pullback_v1,bearish,short,1624295400000,1624295700000,32237.250000,32482.980709,32482.980709,31794.934723,0.03034436,978.218657,978.218657,985.675198,981.946927,1963.893855,5.000000,10.038113,4971.027087,7.456541,245.730709,76.225705,0.150000,0.196784,-7.456541,0.981947,0.000000,-8.438488,1.800000,2,stop_loss,etp_bearish_pullback_near_ema21_close_reclaim,15m_trend_bearish|5m_confirmation_bearish|1m_ema_alignment_short|pullback_near_ema21|close_reclaim_short|atr_bps_in_range|volume_ratio_ok|reward_risk_ok|expected_reward_ok|expected_net_edge_ok|direction_enabled|confidence_ok,,127.206268,-86.263817
TRD-SIG-BT-00000042,SIG-BT-00000042,BTCUSDT,ema_trend_pullback_v1,bearish,short,1624320300000,1624320300000,31516.710000,31764.100146,31764.100146,31071.407738,0.03008965,948.326774,948.326774,955.770657,952.048715,1904.097431,5.000000,10.039247,4962.588600,7.443883,247.390146,78.494914,0.150000,0.191095,-7.443883,0.952049,0.000000,-8.395932,1.800000,1,stop_loss,etp_bearish_pullback_near_ema21_close_reclaim,15m_trend_bearish|5m_confirmation_bearish|1m_ema_alignment_short|pullback_near_ema21|close_reclaim_short|atr_bps_in_range|volume_ratio_ok|reward_risk_ok|expected_reward_ok|expected_net_edge_ok|direction_enabled|confidence_ok,,131.290846,-88.534162
TRD-SIG-BT-00000043,SIG-BT-00000043,BTCUSDT,ema_trend_pullback_v1,bearish,short,1624648200000,1624648200000,31777.000000,31995.653202,31995.653202,31383.424236,0.03398665,1079.993652,1079.993652,1087.424941,1083.709297,2167.418594,5.000000,10.034404,4954.192668,7.431289,218.653202,68.808636,0.150000,0.217996,-7.431289,1.083709,0.000000,-8.514998,1.800000,1,stop_loss,etp_bearish_pullback_near_ema21_close_reclaim,15m_trend_bearish|5m_confirmation_bearish|1m_ema_alignment_short|pullback_near_ema21|close_reclaim_short|atr_bps_in_range|volume_ratio_ok|reward_risk_ok|expected_reward_ok|expected_net_edge_ok|direction_enabled|confidence_ok,,113.855545,-78.843040
TRD-SIG-BT-00000044,SIG-BT-00000044,BTCUSDT,ema_trend_pullback_v1,bearish,short,1624657800000,1624661100000,31809.990000,31454.886066,32007.269963,31454.886066,0.03760400,1196.182987,1196.182987,1182.829657,1189.506322,2379.012643,5.000000,9.944184,4945.677670,7.418517,197.279963,62.018241,0.150000,0.241864,13.353330,1.189506,0.000000,12.163823,1.800000,12,take_profit,etp_bearish_pullback_near_ema21_close_reclaim,15m_trend_bearish|5m_confirmation_bearish|1m_ema_alignment_short|pullback_near_ema21|close_reclaim_short|atr_bps_in_range|volume_ratio_ok|reward_risk_ok|expected_reward_ok|expected_net_edge_ok|direction_enabled|confidence_ok,,101.632834,101.688651
TRD-SIG-BT-00000045,SIG-BT-00000045,BTCUSDT,ema_trend_pullback_v1,bullish,long,1627432500000,1627432800000,39199.990000,38984.866932,38984.866932,39587.211522,0.03456980,1355.135963,1355.135963,1347.699201,1351.417582,2702.835164,5.000000,9.972561,4957.841493,7.436762,215.123068,54.878348,0.150000,0.273332,-7.436762,1.351418,0.000000,-8.788180,1.800000,2,stop_loss,etp_bullish_pullback_near_ema21_close_reclaim,15m_trend_bullish|5m_confirmation_bullish|1m_ema_alignment_long|pullback_near_ema21|close_reclaim_long|atr_bps_in_range|volume_ratio_ok|reward_risk_ok|expected_reward_ok|expected_net_edge_ok|direction_enabled|confidence_ok,,88.781026,-64.850908
TRD-SIG-BT-00000046,SIG-BT-00000046,BTCUSDT,ema_trend_pullback_v1,bullish,long,1627442700000,1627443000000,39922.090000,40317.728196,39702.291002,40317.728196,0.03377440,1348.344763,1348.344763,1361.707207,1355.025985,2710.051970,5.000000,10.049551,4949.053314,7.423580,219.798998,55.056987,0.150000,0.272445,13.362444,1.355026,0.000000,12.007418,1.800000,2,take_profit,etp_bullish_pullback_near_ema21_close_reclaim,15m_trend_bullish|5m_confirmation_bullish|1m_ema_alignment_long|pullback_near_ema21|close_reclaim_long|atr_bps_in_range|volume_ratio_ok|reward_risk_ok|expected_reward_ok|expected_net_edge_ok|direction_enabled|confidence_ok,,89.102576,89.053025
TRD-SIG-BT-00000047,SIG-BT-00000047,BTCUSDT,ema_trend_pullback_v1,bullish,long,1628193900000,1628198100000,40947.020000,40713.796570,40713.796570,41366.822173,0.03190756,1306.519590,1306.519590,1299.077999,1302.798794,2605.597589,5.000000,9.971521,4961.060731,7.441591,233.223430,56.957363,0.150000,0.263355,-7.441591,1.302799,0.000000,-8.744390,1.800000,15,stop_loss,etp_bullish_pullback_near_ema21_close_reclaim,15m_trend_bullish|5m_confirmation_bullish|1m_ema_alignment_long|pullback_near_ema21|close_reclaim_long|atr_bps_in_range|volume_ratio_ok|reward_risk_ok|expected_reward_ok|expected_net_edge_ok|direction_enabled|confidence_ok,,92.523254,-66.928885
TRD-SIG-BT-00000048,SIG-BT-00000048,BTCUSDT,ema_trend_pullback_v1,bullish,long,1628382900000,1628385300000,44435.000000,44228.361849,44228.361849,44806.948673,0.03594919,1597.402332,1597.402332,1589.973857,1593.688094,3187.376189,5.000000,9.976748,4952.316342,7.428475,206.638151,46.503466,0.150000,0.322557,-7.428475,1.593688,0.000000,-9.022163,1.800000,9,stop_loss,etp_bullish_pullback_near_ema21_close_reclaim,15m_trend_bullish|5m_confirmation_bullish|1m_ema_alignment_long|pullback_near_ema21|close_reclaim_long|atr_bps_in_range|volume_ratio_ok|reward_risk_ok|expected_reward_ok|expected_net_edge_ok|direction_enabled|confidence_ok,,73.706239,-56.480214
TRD-SIG-BT-00000049,SIG-BT-00000049,BTCUSDT,ema_trend_pullback_v1,bearish,short,1632255300000,1632256500000,41770.050000,41285.036080,42039.502178,41285.036080,0.02751858,1149.452457,1149.452457,1136.105562,1142.779010,2285.558019,5.000000,9.941942,4943.294179,7.414941,269.452178,64.508464,0.150000,0.232528,13.346894,1.142779,0.000000,12.204115,1.800000,5,take_profit,etp_bearish_pullback_near_ema21_close_reclaim,15m_trend_bearish|5m_confirmation_bearish|1m_ema_alignment_short|pullback_near_ema21|close_reclaim_short|atr_bps_in_range|volume_ratio_ok|reward_risk_ok|expected_reward_ok|expected_net_edge_ok|direction_enabled|confidence_ok,,106.115236,106.173293
TRD-SIG-BT-0000004A,SIG-BT-0000004A,BTCUSDT,ema_trend_pullback_v1,bearish,short,1632259800000,1632259800000,40956.930000,41430.090965,41430.090965,40105.240262,0.01570976,643.423734,643.423734,650.856981,647.140358,1294.280715,5.000000,10.057763,4955.498294,7.433247,473.160965,115.526473,0.150000,0.129840,-7.433247,0.647140,0.000000,-8.080388,1.800000,1,stop_loss,etp_bearish_pullback_near_ema21_close_reclaim,15m_trend_bearish|5m_confirmation_bearish|1m_ema_alignment_short|pullback_near_ema21|close_reclaim_short|atr_bps_in_range|volume_ratio_ok|reward_risk_ok|expected_reward_ok|expected_net_edge_ok|direction_enabled|confidence_ok,,197.947651,-125.584236
TRD-SIG-BT-0000004B,SIG-BT-0000004B,BTCUSDT,ema_trend_pullback_v1,bearish,short,1632817500000,1632820800000,41817.870000,42006.822725,42006.822725,41477.755096,0.03927505,1642.398748,1642.398748,1649.819875,1646.109311,3292.218623,5.000000,10.022592,4947.417906,7.421127,188.952725,45.184684,0.150000,0.331971,-7.421127,1.646109,0.000000,-9.067236,1.800000,12,stop_loss,etp_bearish_pullback_near_ema21_close_reclaim,15m_trend_bearish|5m_confirmation_bearish|1m_ema_alignment_short|pullback_near_ema21|close_reclaim_short|atr_bps_in_range|volume_ratio_ok|reward_risk_ok|expected_reward_ok|expected_net_edge_ok|direction_enabled|confidence_ok,,71.332431,-55.207276
TRD-SIG-BT-0000004C,SIG-BT-0000004C,BTCUSDT,ema_trend_pullback_v1,bearish,short,1637280300000,1637280300000,56789.180000,57099.646399,57099.646399,56230.340482,0.02385935,1354.952836,1354.952836,1362.360362,1358.656599,2717.313198,5.000000,10.027335,4938.350670,7.407526,310.466399,54.669992,0.150000,0.274374,-7.407526,1.358657,0.000000,-8.766183,1.800000,1,stop_loss,etp_bearish_pullback_near_ema21_close_reclaim,15m_trend_bearish|5m_confirmation_bearish|1m_ema_alignment_short|pullback_near_ema21|close_reclaim_short|atr_bps_in_range|volume_ratio_ok|reward_risk_ok|expected_reward_ok|expected_net_edge_ok|direction_enabled|confidence_ok,,88.405985,-64.697327
TRD-SIG-BT-0000004D,SIG-BT-0000004D,BTCUSDT,ema_trend_pullback_v1,bearish,short,1637616600000,1637616600000,55865.620000,56153.830200,56153.830200,55346.841640,0.02565619,1433.299170,1433.299170,1440.693547,1436.996358,2873.992716,5.000000,10.025795,4929.584488,7.394377,288.210200,51.589905,0.150000,0.290755,-7.394377,1.436996,0.000000,-8.831373,1.800000,1,stop_loss,etp_bearish_pullback_near_ema21_close_reclaim,15m_trend_bearish|5m_confirmation_bearish|1m_ema_alignment_short|pullback_near_ema21|close_reclaim_short|atr_bps_in_range|volume_ratio_ok|reward_risk_ok|expected_reward_ok|expected_net_edge_ok|direction_enabled|confidence_ok,,82.861828,-61.615699
TRD-SIG-BT-0000004E,SIG-BT-0000004E,BTCUSDT,ema_trend_pullback_v1,bearish,short,1638613800000,1638614400000,47278.520000,46881.730265,47498.958742,46881.730265,0.03348381,1583.065137,1583.065137,1569.779104,1576.422121,3152.844241,5.000000,9.958037,4920.753115,7.381130,220.438742,46.625559,0.150000,0.321712,13.286033,1.576422,0.000000,11.709611,1.800000,3,take_profit,etp_bearish_pullback_near_ema21_close_reclaim,15m_trend_bearish|5m_confirmation_bearish|1m_ema_alignment_short|pullback_near_ema21|close_reclaim_short|atr_bps_in_range|volume_ratio_ok|reward_risk_ok|expected_reward_ok|expected_net_edge_ok|direction_enabled|confidence_ok,,73.926006,73.967969
TRD-SIG-BT-0000004F,SIG-BT-0000004F,BTCUSDT,ema_trend_pullback_v1,bearish,short,1638779100000,1638780300000,47987.680000,48324.883910,48324.883910,47380.712961,0.02194131,1052.912358,1052.912358,1060.311052,1056.611705,2113.223409,5.000000,10.035134,4932.462726,7.398694,337.203910,70.268850,0.150000,0.213466,-7.398694,1.056612,0.000000,-8.455306,1.800000,5,stop_loss,etp_bearish_pullback_near_ema21_close_reclaim,15m_trend_bearish|5m_confirmation_bearish|1m_ema_alignment_short|pullback_near_ema21|close_reclaim_short|atr_bps_in_range|volume_ratio_ok|reward_risk_ok|expected_reward_ok|expected_net_edge_ok|direction_enabled|confidence_ok,,116.483931,-80.303985
TRD-SIG-BT-00000050,SIG-BT-00000050,BTCUSDT,ema_trend_pullback_v1,bearish,short,1639790100000,1639792800000,45941.630000,45569.825455,46148.188080,45569.825455,0.03575755,1642.760186,1642.760186,1629.465366,1636.112776,3272.225552,5.000000,9.959535,4924.007420,7.386011,206.558080,44.960982,0.150000,0.333623,13.294820,1.636113,0.000000,11.658707,1.800000,10,take_profit,etp_bearish_pullback_near_ema21_close_reclaim,15m_trend_bearish|5m_confirmation_bearish|1m_ema_alignment_short|pullback_near_ema21|close_reclaim_short|atr_bps_in_range|volume_ratio_ok|reward_risk_ok|expected_reward_ok|expected_net_edge_ok|direction_enabled|confidence_ok,,70.929768,70.970233
TRD-SIG-BT-00000051,SIG-BT-00000051,BTCUSDT,ema_trend_pullback_v1,bearish,short,1642732200000,1642734600000,40148.870000,39657.202455,40422.018636,39657.202455,0.02710429,1088.206519,1088.206519,1074.880220,1081.543369,2163.086739,5.000000,9.938769,4935.666127,7.403499,273.148636,68.033954,0.150000,0.220478,13.326299,1.081543,0.000000,12.244755,1.800000,9,take_profit,etp_bearish_pullback_near_ema21_close_reclaim,15m_trend_bearish|5m_confirmation_bearish|1m_ema_alignment_short|pullback_near_ema21|close_reclaim_short|atr_bps_in_range|volume_ratio_ok|reward_risk_ok|expected_reward_ok|expected_net_edge_ok|direction_enabled|confidence_ok,,112.461117,112.522347
TRD-SIG-BT-00000052,SIG-BT-00000052,BTCUSDT,ema_trend_pullback_v1,bearish,short,1643014500000,1643016000000,34996.320000,34691.838720,35165.476267,34691.838720,0.04387580,1535.491494,1535.491494,1522.132135,1528.811814,3057.623628,5.000000,9.956498,4947.910883,7.421866,169.156267,48.335444,0.150000,0.310331,13.359359,1.528812,0.000000,11.830548,1.800000,6,take_profit,etp_bearish_pullback_near_ema21_close_reclaim,15m_trend_bearish|5m_confirmation_bearish|1m_ema_alignment_short|pullback_near_ema21|close_reclaim_short|atr_bps_in_range|volume_ratio_ok|reward_risk_ok|expected_reward_ok|expected_net_edge_ok|direction_enabled|confidence_ok,,77.003799,77.047301
TRD-SIG-BT-00000053,SIG-BT-00000053,BTCUSDT,ema_trend_pullback_v1,bearish,short,1645700700000,1645701900000,34968.500000,35179.204220,35179.204220,34589.232403,0.03530832,1234.679006,1234.679006,1242.118618,1238.398812,2476.797623,5.000000,10.030128,4959.741430,7.439612,210.704220,60.255436,0.150000,0.248940,-7.439612,1.238399,0.000000,-8.678011,1.800000,5,stop_loss,etp_bearish_pullback_near_ema21_close_reclaim,15m_trend_bearish|5m_confirmation_bearish|1m_ema_alignment_short|pullback_near_ema21|close_reclaim_short|atr_bps_in_range|volume_ratio_ok|reward_risk_ok|expected_reward_ok|expected_net_edge_ok|direction_enabled|confidence_ok,,98.459784,-70.285563
TRD-SIG-BT-00000054,SIG-BT-00000054,BTCUSDT,ema_trend_pullback_v1,bearish,short,1649268900000,1649269200000,43671.000000,43313.566730,43869.574039,43313.566730,0.03739963,1633.279144,1633.279144,1619.911273,1626.595209,3253.190417,5.000000,9.959077,4951.063419,7.426595,198.574039,45.470458,0.150000,0.329885,13.367871,1.626595,0.000000,11.741276,1.800000,2,take_profit,etp_bearish_pullback_near_ema21_close_reclaim,15m_trend_bearish|5m_confirmation_bearish|1m_ema_alignment_short|pullback_near_ema21|close_reclaim_short|atr_bps_in_range|volume_ratio_ok|reward_risk_ok|expected_reward_ok|expected_net_edge_ok|direction_enabled|confidence_ok,,71.846825,71.887748
TRD-SIG-BT-00000055,SIG-BT-00000055,BTCUSDT,ema_trend_pullback_v1,bearish,short,1651002300000,1651002600000,38260.000000,38444.445339,38444.445339,37927.998389,0.04035996,1544.172178,1544.172178,1551.616385,1547.894282,3095.788564,5.000000,10.024104,4962.804695,7.444207,184.445339,48.208400,0.150000,0.311149,-7.444207,1.547894,0.000000,-8.992101,1.800000,2,stop_loss,etp_bearish_pullback_near_ema21_close_reclaim,15m_trend_bearish|5m_confirmation_bearish|1m_ema_alignment_short|pullback_near_ema21|close_reclaim_short|atr_bps_in_range|volume_ratio_ok|reward_risk_ok|expected_reward_ok|expected_net_edge_ok|direction_enabled|confidence_ok,,76.775120,-58.232504
TRD-SIG-BT-00000056,SIG-BT-00000056,BTCUSDT,ema_trend_pullback_v1,bearish,short,1652110200000,1652112300000,32281.700000,32475.932390,32475.932390,31932.081697,0.03825685,1234.996066,1234.996066,1242.426785,1238.711426,2477.422851,5.000000,10.030084,4953.812594,7.430719,194.232390,60.167956,0.150000,0.249302,-7.430719,1.238711,0.000000,-8.669430,1.800000,8,stop_loss,etp_bearish_pullback_near_vwap_close_reclaim,15m_trend_bearish|5m_confirmation_bearish|1m_ema_alignment_short|pullback_near_vwap|close_reclaim_short|atr_bps_in_range|volume_ratio_ok|reward_risk_ok|expected_reward_ok|expected_net_edge_ok|direction_enabled|confidence_ok,,98.302321,-70.198040
TRD-SIG-BT-00000057,SIG-BT-00000057,BTCUSDT,ema_trend_pullback_v1,bearish,short,1652138100000,1652139600000,30899.400000,30497.439125,31122.711597,30497.439125,0.03321688,1026.381693,1026.381693,1013.029806,1019.705750,2039.411499,5.000000,9.934957,4945.143163,7.417715,223.311597,72.270529,0.150000,0.207553,13.351887,1.019706,0.000000,12.332181,1.800000,6,take_profit,etp_bearish_pullback_near_ema21_close_reclaim,15m_trend_bearish|5m_confirmation_bearish|1m_ema_alignment_short|pullback_near_ema21|close_reclaim_short|atr_bps_in_range|volume_ratio_ok|reward_risk_ok|expected_reward_ok|expected_net_edge_ok|direction_enabled|confidence_ok,,120.086951,120.151995
TRD-SIG-BT-00000058,SIG-BT-00000058,BTCUSDT,ema_trend_pullback_v1,bearish,short,1652220900000,1652223300000,30628.800000,30850.642882,30850.642882,30229.482813,0.03352018,1026.682847,1026.682847,1034.119060,1030.400953,2060.801906,5.000000,10.036215,4957.475344,7.436213,221.842882,72.429505,0.150000,0.207098,-7.436213,1.030401,0.000000,-8.466614,1.800000,9,stop_loss,etp_bearish_pullback_near_ema21_close_reclaim,15m_trend_bearish|5m_confirmation_bearish|1m_ema_alignment_short|pullback_near_ema21|close_reclaim_short|atr_bps_in_range|volume_ratio_ok|reward_risk_ok|expected_reward_ok|expected_net_edge_ok|direction_enabled|confidence_ok,,120.373109,-82.465720
TRD-SIG-BT-00000059,SIG-BT-00000059,BTCUSDT,ema_trend_pullback_v1,bearish,short,1652327400000,1652327700000,28747.900000,28334.588277,28977.517624,28334.588277,0.03232989,929.416517,929.416517,916.054194,922.735356,1845.470711,5.000000,9.928114,4949.008730,7.423513,229.617624,79.872834,0.150000,0.187799,13.362324,0.922735,0.000000,12.439588,1.800000,2,take_profit,etp_bearish_pullback_near_ema21_close_reclaim,15m_trend_bearish|5m_confirmation_bearish|1m_ema_alignment_short|pullback_near_ema21|close_reclaim_short|atr_bps_in_range|volume_ratio_ok|reward_risk_ok|expected_reward_ok|expected_net_edge_ok|direction_enabled|confidence_ok,,133.771101,133.842986
TRD-SIG-BT-0000005A,SIG-BT-0000005A,BTCUSDT,ema_trend_pullback_v1,bearish,short,1652394300000,1652395200000,28427.000000,28612.699795,28612.699795,28092.740370,0.04007636,1139.250787,1139.250787,1146.692959,1142.971873,2285.943746,5.000000,10.032663,4961.448319,7.442172,185.699795,65.325147,0.150000,0.229621,-7.442172,1.142972,0.000000,-8.585144,1.800000,4,stop_loss,etp_bearish_pullback_near_ema21_close_reclaim,15m_trend_bearish|5m_confirmation_bearish|1m_ema_alignment_short|pullback_near_ema21|close_reclaim_short|atr_bps_in_range|volume_ratio_ok|reward_risk_ok|expected_reward_ok|expected_net_edge_ok|direction_enabled|confidence_ok,,107.585264,-75.357809
TRD-SIG-BT-0000005B,SIG-BT-0000005B,BTCUSDT,ema_trend_pullback_v1,bullish,long,1654015500000,1654016400000,32288.700000,32130.961859,32130.961859,32572.628653,0.04709891,1520.762631,1520.762631,1513.333336,1517.047983,3034.095966,5.000000,9.975574,4952.863174,7.429295,157.738141,48.852428,0.150000,0.307047,-7.429295,1.517048,0.000000,-8.946343,1.800000,4,stop_loss,etp_bullish_pullback_near_vwap_close_reclaim,15m_trend_bullish|5m_confirmation_bullish|1m_ema_alignment_long|pullback_near_vwap|close_reclaim_long|atr_bps_in_range|volume_ratio_ok|reward_risk_ok|expected_reward_ok|expected_net_edge_ok|direction_enabled|confidence_ok,,77.934371,-58.828002
TRD-SIG-BT-0000005C,SIG-BT-0000005C,BTCUSDT,ema_trend_pullback_v1,bearish,short,1655091900000,1655093100000,25468.600000,25693.059121,25693.059121,25064.573582,0.03303887,841.453711,841.453711,848.869586,845.161649,1690.323298,5.000000,10.044066,4943.916831,7.415875,224.459121,88.131708,0.150000,0.170200,-7.415875,0.845162,0.000000,-8.261037,1.800000,5,stop_loss,etp_bearish_pullback_near_ema21_close_reclaim,15m_trend_bearish|5m_confirmation_bearish|1m_ema_alignment_short|pullback_near_ema21|close_reclaim_short|atr_bps_in_range|volume_ratio_ok|reward_risk_ok|expected_reward_ok|expected_net_edge_ok|direction_enabled|confidence_ok,,148.637074,-98.175773
TRD-SIG-BT-0000005D,SIG-BT-0000005D,BTCUSDT,ema_trend_pullback_v1,bearish,short,1655313900000,1655314200000,20841.200000,20556.070505,20999.605275,20556.070505,0.04673761,974.067841,974.067841,960.741570,967.404705,1934.809411,5.000000,9.931595,4935.655795,7.403484,158.405275,76.005832,0.150000,0.197353,13.326271,0.967405,0.000000,12.358866,1.800000,2,take_profit,etp_bearish_pullback_near_ema21_close_reclaim,15m_trend_bearish|5m_confirmation_bearish|1m_ema_alignment_short|pullback_near_ema21|close_reclaim_short|atr_bps_in_range|volume_ratio_ok|reward_risk_ok|expected_reward_ok|expected_net_edge_ok|direction_enabled|confidence_ok,,126.810498,126.878903
TRD-SIG-BT-0000005E,SIG-BT-0000005E,BTCUSDT,ema_trend_pullback_v1,bearish,short,1655378700000,1655379000000,21031.800000,21165.803876,21165.803876,20790.593023,0.05538662,1164.880349,1164.880349,1172.302371,1168.591360,2337.182720,5.000000,10.031857,4948.014660,7.422022,134.003876,63.714887,0.150000,0.235424,-7.422022,1.168591,0.000000,-8.590613,1.800000,2,stop_loss,etp_bearish_pullback_near_ema21_close_reclaim,15m_trend_bearish|5m_confirmation_bearish|1m_ema_alignment_short|pullback_near_ema21|close_reclaim_short|atr_bps_in_range|volume_ratio_ok|reward_risk_ok|expected_reward_ok|expected_net_edge_ok|direction_enabled|confidence_ok,,104.686797,-73.746745
TRD-SIG-BT-0000005F,SIG-BT-0000005F,BTCUSDT,ema_trend_pullback_v1,bearish,short,1655386500000,1655386500000,21011.800000,21164.921571,21164.921571,20736.181172,0.04838728,1016.703814,1016.703814,1024.112950,1020.408382,2040.816764,5.000000,10.036437,4939.424047,7.409136,153.121571,72.874086,0.150000,0.205834,-7.409136,1.020408,0.000000,-8.429544,1.800000,1,stop_loss,etp_bearish_pullback_near_ema21_close_reclaim,15m_trend_bearish|5m_confirmation_bearish|1m_ema_alignment_short|pullback_near_ema21|close_reclaim_short|atr_bps_in_range|volume_ratio_ok|reward_risk_ok|expected_reward_ok|expected_net_edge_ok|direction_enabled|confidence_ok,,121.173354,-82.910523
TRD-SIG-BT-00000060,SIG-BT-00000060,BTCUSDT,ema_trend_pullback_v1,bearish,short,1655406900000,1655407500000,20969.200000,21081.970271,21081.970271,20766.213513,0.06558902,1375.349319,1375.349319,1382.745811,1379.047565,2758.095130,5.000000,10.026890,4930.994503,7.396492,112.770271,53.779005,0.150000,0.278919,-7.396492,1.379048,0.000000,-8.775539,1.800000,3,stop_loss,etp_bearish_pullback_near_ema21_close_reclaim,15m_trend_bearish|5m_confirmation_bearish|1m_ema_alignment_short|pullback_near_ema21|close_reclaim_short|atr_bps_in_range|volume_ratio_ok|reward_risk_ok|expected_reward_ok|expected_net_edge_ok|direction_enabled|confidence_ok,,86.802209,-63.805894
TRD-SIG-BT-00000061,SIG-BT-00000061,BTCUSDT,ema_trend_pullback_v1,bearish,short,1655474700000,1655475300000,20742.900000,20551.985180,20848.963789,20551.985180,0.06961215,1443.957877,1443.957877,1430.667886,1437.312881,2874.625762,5.000000,9.953981,4922.218963,7.383328,106.063789,51.132575,0.150000,0.293355,13.289991,1.437313,0.000000,11.852678,1.800000,3,take_profit,etp_bearish_pullback_near_ema21_close_reclaim,15m_trend_bearish|5m_confirmation_bearish|1m_ema_alignment_short|pullback_near_ema21|close_reclaim_short|atr_bps_in_range|volume_ratio_ok|reward_risk_ok|expected_reward_ok|expected_net_edge_ok|direction_enabled|confidence_ok,,82.038635,82.084654
TRD-SIG-BT-00000062,SIG-BT-00000062,BTCUSDT,ema_trend_pullback_v1,bearish,short,1655626500000,1655626800000,18297.900000,18388.640923,18388.640923,18134.566338,0.08156306,1492.432737,1492.432737,1499.833844,1496.133290,2992.266581,5.000000,10.024795,4934.071642,7.401107,90.740923,49.590895,0.150000,0.302475,-7.401107,1.496133,0.000000,-8.897241,1.800000,2,stop_loss,etp_bearish_pullback_near_ema21_close_reclaim,15m_trend_bearish|5m_confirmation_bearish|1m_ema_alignment_short|pullback_near_ema21|close_reclaim_short|atr_bps_in_range|volume_ratio_ok|reward_risk_ok|expected_reward_ok|expected_net_edge_ok|direction_enabled|confidence_ok,,79.263610,-59.615690
TRD-SIG-BT-00000063,SIG-BT-00000063,BTCUSDT,ema_trend_pullback_v1,bearish,short,1655882400000,1655888100000,20150.000000,20248.717238,20248.717238,19972.308972,0.07483760,1507.977727,1507.977727,1515.365489,1511.671608,3023.343216,5.000000,10.024496,4925.174401,7.387762,98.717238,48.991185,0.150000,0.306178,-7.387762,1.511672,0.000000,-8.899433,1.800000,20,stop_loss,etp_bearish_pullback_near_ema21_close_reclaim,15m_trend_bearish|5m_confirmation_bearish|1m_ema_alignment_short|pullback_near_ema21|close_reclaim_short|atr_bps_in_range|volume_ratio_ok|reward_risk_ok|expected_reward_ok|expected_net_edge_ok|direction_enabled|confidence_ok,,78.184133,-59.015681
TRD-SIG-BT-00000064,SIG-BT-00000064,BTCUSDT,ema_trend_pullback_v1,bearish,short,1655919900000,1655919900000,20202.900000,20304.297645,20304.297645,20020.384239,0.07272765,1469.309443,1469.309443,1476.683856,1472.996649,2945.993299,5.000000,10.025095,4916.274968,7.374412,101.397645,50.189649,0.150000,0.298866,-7.374412,1.472997,0.000000,-8.847409,1.800000,1,stop_loss,etp_bearish_pullback_near_ema21_close_reclaim,15m_trend_bearish|5m_confirmation_bearish|1m_ema_alignment_short|pullback_near_ema21|close_reclaim_short|atr_bps_in_range|volume_ratio_ok|reward_risk_ok|expected_reward_ok|expected_net_edge_ok|direction_enabled|confidence_ok,,80.341367,-60.214743
TRD-SIG-BT-00000065,SIG-BT-00000065,BTCUSDT,ema_trend_pullback_v1,bearish,short,1655928300000,1655928300000,20014.100000,20111.115325,20111.115325,19839.472415,0.07587607,1518.591200,1518.591200,1525.952341,1522.271771,3044.543542,5.000000,10.024237,4907.427559,7.361141,97.015325,48.473489,0.150000,0.309448,-7.361141,1.522272,0.000000,-8.883413,1.800000,1,stop_loss,etp_bearish_pullback_near_ema21_close_reclaim,15m_trend_bearish|5m_confirmation_bearish|1m_ema_alignment_short|pullback_near_ema21|close_reclaim_short|atr_bps_in_range|volume_ratio_ok|reward_risk_ok|expected_reward_ok|expected_net_edge_ok|direction_enabled|confidence_ok,,77.252280,-58.497725
TRD-SIG-BT-00000066,SIG-BT-00000066,BTCUSDT,ema_trend_pullback_v1,bullish,long,1658200800000,1658202000000,22214.500000,22114.141171,22114.141171,22395.145892,0.07321544,1626.444477,1626.444477,1619.096661,1622.770569,3245.541137,5.000000,9.977411,4898.544146,7.347816,100.358829,45.177172,0.150000,0.332026,-7.347816,1.622771,0.000000,-8.970587,1.800000,5,stop_loss,etp_bullish_pullback_near_ema21_close_reclaim,15m_trend_bullish|5m_confirmation_bullish|1m_ema_alignment_long|pullback_near_ema21|close_reclaim_long|atr_bps_in_range|volume_ratio_ok|reward_risk_ok|expected_reward_ok|expected_net_edge_ok|direction_enabled|confidence_ok,,71.318910,-55.154584
TRD-SIG-BT-00000067,SIG-BT-00000067,BTCUSDT,ema_trend_pullback_v1,bullish,long,1658232600000,1658236800000,22041.100000,22222.922061,21940.087744,22222.922061,0.07260862,1600.373817,1600.373817,1613.575666,1606.974742,3213.949483,5.000000,10.041246,4889.573559,7.334360,101.012256,45.829045,0.150000,0.327303,13.201849,1.606975,0.000000,11.594874,1.800000,15,take_profit,etp_bullish_pullback_near_ema21_close_reclaim,15m_trend_bullish|5m_confirmation_bullish|1m_ema_alignment_long|pullback_near_ema21|close_reclaim_long|atr_bps_in_range|volume_ratio_ok|reward_risk_ok|expected_reward_ok|expected_net_edge_ok|direction_enabled|confidence_ok,,72.492281,72.451035
TRD-SIG-BT-00000068,SIG-BT-00000068,BTCUSDT,ema_trend_pullback_v1,bullish,long,1658239800000,1658240100000,22219.600000,22101.600797,22101.600797,22431.998565,0.06230341,1384.356835,1384.356835,1377.005083,1380.680959,2761.361918,5.000000,9.973447,4901.168433,7.351753,117.999203,53.105908,0.150000,0.282454,-7.351753,1.380681,0.000000,-8.732434,1.800000,2,stop_loss,etp_bullish_pullback_near_ema21_close_reclaim,15m_trend_bullish|5m_confirmation_bullish|1m_ema_alignment_long|pullback_near_ema21|close_reclaim_long|atr_bps_in_range|volume_ratio_ok|reward_risk_ok|expected_reward_ok|expected_net_edge_ok|direction_enabled|confidence_ok,,85.590634,-63.079355
TRD-SIG-BT-00000069,SIG-BT-00000069,BTCUSDT,ema_trend_pullback_v1,bullish,long,1658320500000,1658320500000,23774.900000,23665.137658,23665.137658,23972.472216,0.06685949,1589.577644,1589.577644,1582.238990,1585.908317,3171.816634,5.000000,9.976916,4892.435999,7.338654,109.762342,46.167320,0.150000,0.324905,-7.338654,1.585908,0.000000,-8.924562,1.800000,1,stop_loss,etp_bullish_pullback_near_ema21_close_reclaim,15m_trend_bullish|5m_confirmation_bullish|1m_ema_alignment_long|pullback_near_ema21|close_reclaim_long|atr_bps_in_range|volume_ratio_ok|reward_risk_ok|expected_reward_ok|expected_net_edge_ok|direction_enabled|confidence_ok,,73.101176,-56.144236
TRD-SIG-BT-0000006A,SIG-BT-0000006A,BTCUSDT,ema_trend_pullback_v1,bearish,short,1668194100000,1668198900000,16780.300000,16615.289685,16871.972397,16615.289685,0.07990701,1340.863597,1340.863597,1327.678116,1334.270856,2668.541712,5.000000,9.950832,4883.511437,7.325267,91.672397,54.630965,0.150000,0.274570,13.185481,1.334271,0.000000,11.851210,1.800000,17,take_profit,etp_bearish_pullback_near_ema21_close_reclaim,15m_trend_bearish|5m_confirmation_bearish|1m_ema_alignment_short|pullback_near_ema21|close_reclaim_short|atr_bps_in_range|volume_ratio_ok|reward_risk_ok|expected_reward_ok|expected_net_edge_ok|direction_enabled|confidence_ok,,88.335736,88.384904
TRD-SIG-BT-0000006B,SIG-BT-0000006B,BTCUSDT,ema_trend_pullback_v1,bullish,long,1676564400000,1676574900000,24849.200000,24933.300000,24692.102754,25131.975043,0.04674203,1161.502017,1161.502017,1165.433021,1163.467519,2326.935038,5.000000,10.016922,4895.362647,7.343044,157.097246,63.220243,0.150000,0.237266,3.931005,1.163468,0.000000,2.767537,1.800000,36,time_exit,etp_bullish_pullback_near_ema21_close_reclaim,15m_trend_bullish|5m_confirmation_bullish|1m_ema_alignment_long|pullback_near_ema21|close_reclaim_long|atr_bps_in_range|volume_ratio_ok|reward_risk_ok|expected_reward_ok|expected_net_edge_ok|direction_enabled|confidence_ok,,103.796437,23.827226
TRD-SIG-BT-0000006C,SIG-BT-0000006C,BTCUSDT,ema_trend_pullback_v1,bullish,long,1704929700000,1704929700000,46905.000000,46558.379418,46558.379418,47528.917047,0.02119665,994.228885,994.228885,986.881690,990.555288,1981.110575,5.000000,9.963051,4898.130184,7.347195,346.620582,73.898429,0.150000,0.202981,-7.347195,0.990555,0.000000,-8.337751,1.800000,1,stop_loss,etp_bullish_pullback_near_ema21_close_reclaim,15m_trend_bullish|5m_confirmation_bullish|1m_ema_alignment_long|pullback_near_ema21|close_reclaim_long|atr_bps_in_range|volume_ratio_ok|reward_risk_ok|expected_reward_ok|expected_net_edge_ok|direction_enabled|confidence_ok,,123.017172,-83.861480
TRD-SIG-BT-0000006D,SIG-BT-0000006D,BTCUSDT,ema_trend_pullback_v1,bullish,long,1709595600000,1709598000000,67970.800000,68515.736297,67668.057613,68515.736297,0.02422749,1646.761986,1646.761986,1659.964426,1653.363206,3306.726412,5.000000,10.040086,4889.792433,7.334689,302.742387,44.540065,0.150000,0.336775,13.202440,1.653363,0.000000,11.549076,1.800000,9,take_profit,etp_bullish_pullback_near_ema21_close_reclaim,15m_trend_bullish|5m_confirmation_bullish|1m_ema_alignment_long|pullback_near_ema21|close_reclaim_long|atr_bps_in_range|volume_ratio_ok|reward_risk_ok|expected_reward_ok|expected_net_edge_ok|direction_enabled|confidence_ok,,70.172118,70.132032
TRD-SIG-BT-0000006E,SIG-BT-0000006E,BTCUSDT,ema_trend_pullback_v1,bullish,long,1709823900000,1709823900000,67293.900000,66991.084949,66991.084949,67838.967092,0.02427889,1633.820962,1633.820962,1626.468950,1630.144956,3260.289912,5.000000,9.977501,4901.341510,7.352012,302.815051,44.998886,0.150000,0.333342,-7.352012,1.630145,0.000000,-8.982157,1.800000,1,stop_loss,etp_bullish_pullback_near_ema21_close_reclaim,15m_trend_bullish|5m_confirmation_bullish|1m_ema_alignment_long|pullback_near_ema21|close_reclaim_long|atr_bps_in_range|volume_ratio_ok|reward_risk_ok|expected_reward_ok|expected_net_edge_ok|direction_enabled|confidence_ok,,70.997994,-54.976386
TRD-SIG-BT-0000006F,SIG-BT-0000006F,BTCUSDT,ema_trend_pullback_v1,bearish,short,1710840000000,1710841800000,63579.500000,64002.781169,64002.781169,62817.593896,0.01733727,1102.294825,1102.294825,1109.633364,1105.964094,2211.928189,5.000000,10.033288,4892.359352,7.338539,423.281169,66.575102,0.150000,0.225309,-7.338539,1.105964,0.000000,-8.444503,1.800000,7,stop_loss,etp_bearish_pullback_near_ema21_close_reclaim,15m_trend_bearish|5m_confirmation_bearish|1m_ema_alignment_short|pullback_near_ema21|close_reclaim_short|atr_bps_in_range|volume_ratio_ok|reward_risk_ok|expected_reward_ok|expected_net_edge_ok|direction_enabled|confidence_ok,,109.835183,-76.608389
TRD-SIG-BT-00000070,SIG-BT-00000070,BTCUSDT,ema_trend_pullback_v1,bearish,short,1710857100000,1710858300000,63139.900000,62564.020218,63459.833212,62564.020218,0.02289813,1445.785637,1445.785637,1432.599067,1439.192352,2878.384704,5.000000,9.954397,4883.914849,7.325872,319.933212,50.670529,0.150000,0.296030,13.186570,1.439192,0.000000,11.747378,1.800000,5,take_profit,etp_bearish_pullback_near_ema21_close_reclaim,15m_trend_bearish|5m_confirmation_bearish|1m_ema_alignment_short|pullback_near_ema21|close_reclaim_short|atr_bps_in_range|volume_ratio_ok|reward_risk_ok|expected_reward_ok|expected_net_edge_ok|direction_enabled|confidence_ok,,81.206952,81.252555
TRD-SIG-BT-00000071,SIG-BT-00000071,BTCUSDT,ema_trend_pullback_v1,bearish,short,1713212700000,1713212700000,63005.500000,63313.873954,63313.873954,62450.426884,0.02381360,1500.387644,1500.387644,1507.731137,1504.059390,3008.118781,5.000000,10.024472,4895.662227,7.343493,308.373954,48.943974,0.150000,0.306473,-7.343493,1.504059,0.000000,-8.847553,1.800000,1,stop_loss,etp_bearish_pullback_near_ema21_close_reclaim,15m_trend_bearish|5m_confirmation_bearish|1m_ema_alignment_short|pullback_near_ema21|close_reclaim_short|atr_bps_in_range|volume_ratio_ok|reward_risk_ok|expected_reward_ok|expected_net_edge_ok|direction_enabled|confidence_ok,,78.099153,-58.968446
TRD-SIG-BT-00000072,SIG-BT-00000072,BTCUSDT,ema_trend_pullback_v1,bearish,short,1713284400000,1713285600000,61855.800000,62149.615456,62149.615456,61326.932180,0.02494839,1543.202503,1543.202503,1550.532725,1546.867614,3093.735229,5.000000,10.023750,4886.814674,7.330222,293.815456,47.500066,0.150000,0.315789,-7.330222,1.546868,0.000000,-8.877090,1.800000,5,stop_loss,etp_bearish_pullback_near_ema21_close_reclaim,15m_trend_bearish|5m_confirmation_bearish|1m_ema_alignment_short|pullback_near_ema21|close_reclaim_short|atr_bps_in_range|volume_ratio_ok|reward_risk_ok|expected_reward_ok|expected_net_edge_ok|direction_enabled|confidence_ok,,75.500118,-57.523816
TRD-SIG-BT-00000073,SIG-BT-00000073,BTCUSDT,ema_trend_pullback_v1,bearish,short,1720146900000,1720147800000,56740.000000,56269.434072,57001.425516,56269.434072,0.02798849,1588.067128,1588.067128,1574.896696,1581.481912,3162.963824,5.000000,9.958533,4877.937585,7.316906,261.425516,46.074289,0.150000,0.325561,13.170431,1.581482,0.000000,11.588950,1.800000,4,take_profit,etp_bearish_pullback_near_ema21_close_reclaim,15m_trend_bearish|5m_confirmation_bearish|1m_ema_alignment_short|pullback_near_ema21|close_reclaim_short|atr_bps_in_range|volume_ratio_ok|reward_risk_ok|expected_reward_ok|expected_net_edge_ok|direction_enabled|confidence_ok,,72.933720,72.975187
TRD-SIG-BT-00000074,SIG-BT-00000074,BTCUSDT,ema_trend_pullback_v1,bearish,short,1720161000000,1720171500000,54286.800000,54343.200000,54532.677875,53844.219825,0.02982899,1619.320664,1619.320664,1621.003019,1620.161841,3240.323683,5.000000,10.005195,4889.526534,7.334290,245.877875,45.292387,0.150000,0.331181,-1.682355,1.620162,0.000000,-3.302517,1.800000,36,time_exit,etp_bearish_pullback_near_ema21_close_reclaim,15m_trend_bearish|5m_confirmation_bearish|1m_ema_alignment_short|pullback_near_ema21|close_reclaim_short|atr_bps_in_range|volume_ratio_ok|reward_risk_ok|expected_reward_ok|expected_net_edge_ok|direction_enabled|confidence_ok,,71.526296,-20.394461
TRD-SIG-BT-00000075,SIG-BT-00000075,BTCUSDT,ema_trend_pullback_v1,bearish,short,1722852300000,1722852900000,52388.900000,51684.346235,52780.318759,51684.346235,0.01872505,980.984799,980.984799,967.791994,974.388396,1948.776793,5.000000,9.932757,4886.224017,7.329336,391.418759,74.714063,0.150000,0.200765,13.192805,0.974388,0.000000,12.218416,1.800000,3,take_profit,etp_bearish_pullback_near_ema21_close_reclaim,15m_trend_bearish|5m_confirmation_bearish|1m_ema_alignment_short|pullback_near_ema21|close_reclaim_short|atr_bps_in_range|volume_ratio_ok|reward_risk_ok|expected_reward_ok|expected_net_edge_ok|direction_enabled|confidence_ok,,124.485314,124.552556
TRD-SIG-BT-00000076,SIG-BT-00000076,BTCUSDT,ema_trend_pullback_v1,bearish,short,1722951900000,1722952200000,54708.400000,55007.452302,55007.452302,54170.105857,0.02456983,1344.175985,1344.175985,1351.523649,1347.849817,2695.699633,5.000000,10.027331,4898.442433,7.347664,299.052302,54.662959,0.150000,0.274409,-7.347664,1.347850,0.000000,-8.695513,1.800000,2,stop_loss,etp_bearish_pullback_near_ema21_close_reclaim,15m_trend_bearish|5m_confirmation_bearish|1m_ema_alignment_short|pullback_near_ema21|close_reclaim_short|atr_bps_in_range|volume_ratio_ok|reward_risk_ok|expected_reward_ok|expected_net_edge_ok|direction_enabled|confidence_ok,,88.393326,-64.690290
TRD-SIG-BT-00000077,SIG-BT-00000077,BTCUSDT,ema_trend_pullback_v1,bullish,long,1730874900000,1730875800000,74921.400000,74546.783412,74546.783412,75595.709859,0.01957901,1466.886530,1466.886530,1459.551909,1463.219219,2926.438439,5.000000,9.974999,4889.746920,7.334620,374.616588,50.001280,0.150000,0.299992,-7.334620,1.463219,0.000000,-8.797840,1.800000,4,stop_loss,etp_bullish_pullback_near_ema21_close_reclaim,15m_trend_bullish|5m_confirmation_bullish|1m_ema_alignment_long|pullback_near_ema21|close_reclaim_long|atr_bps_in_range|volume_ratio_ok|reward_risk_ok|expected_reward_ok|expected_net_edge_ok|direction_enabled|confidence_ok,,80.002304,-59.976279
TRD-SIG-BT-00000078,SIG-BT-00000078,BTCUSDT,ema_trend_pullback_v1,bearish,short,1743770400000,1743771000000,82481.000000,82852.500861,82852.500861,81812.298449,0.01970769,1625.509936,1625.509936,1632.831360,1629.170648,3258.341296,5.000000,10.022520,4880.949080,7.321424,371.500861,45.040780,0.150000,0.333032,-7.321424,1.629171,0.000000,-8.950594,1.800000,3,stop_loss,etp_bearish_pullback_near_ema21_close_reclaim,15m_trend_bearish|5m_confirmation_bearish|1m_ema_alignment_short|pullback_near_ema21|close_reclaim_short|atr_bps_in_range|volume_ratio_ok|reward_risk_ok|expected_reward_ok|expected_net_edge_ok|direction_enabled|confidence_ok,,71.073405,-55.063301
